{"20324_20090218_08_0001_miuEdit.txt": ["αποσμητικά κλασεις", "κοκταίηλς ανάμεικτες", "και έκτακτη", "ηλεκτρολύτες βαριόμετρα", "στόμια μηχανικές", "κτηματομεσιτικών χρηματοδότηση", "τηλέφωνα εξοπλισμός", "productions μονοπρόσωπη", "προπαρασκευή ταξιδιών", "συρματόσκοινα είδη", "για ηδύποτα", "πραγματογνωμοσύνη για", "βρεφών τσάντες", "επίδεσμοι αιμοστατικοί", "συγκόλλησης χημικές", "και ιχθυοτροφείων", "απόφαση nitroswing", "νοβις φαρμακευτικα", "δικηγορικη εταιρια", "νάσος ταβουλαρης"], "20325_20090324_08_0002_miuEdit.txt": ["δες ιδεογραφημα", "παπαεμμανουήλ ανώνυμη", "γλένη ιπποκράτους", "κουπραχλωρ 196804", "χαρτοπωλείου κολλώδεις", "παρασιτοκτόνα κλασεις", "κωτσακης αδριανού", "κτηματομεσιτικές υποθέσεις", "κουγιάς αδτ", "γυψοποιια ανωνυμος", "κατερίνης πληρεξουσιος", "ζήνωνος τκ", "καμίνια βαθέως", "telecoms ae", "αντικλητος έλση", "νασος ταβουλαρης", "ποτοποιία κλάση", "ηρώ κελαϊδή", "ανηπτημενα κλασεις", "αμ δσπ"], "20326_20090525_08_0004_miuEdit.txt": ["επωνυμίας και", "και σπόροι", "συσκευές ιατρικών", "τζάκια καθρέπται", "άλλα βρώσιμα", "στηρίγματα για", "στεατικά κηρία", "κοσμητικά είδη", "ζωυφίων ιατρικά", "συσκευαί τιθέ", "ηδύποτα καπνός", "την παραλία", "ντίαρντεν του", "ανελκυστήρων κλασεις", "κλινοσκεπάσματα και", "εκθέσεων ασφάλειες", "κτηνιατρική χρήση", "αμίαντος μαρμαρυγίας", "πουκάμισα προσόψεις", "οδοντοσκευάσματα κλασεις"], "20327_20090429_08_0003_miuEdit.txt": ["λευκανπκά παρασκευάσματα", "γραμματοσήμων κτηματομεσιτικές", "κατεψυγμένα εδώδιμα", "σούπες κατεψυγμένα", "γλυκίσματα πάστες", "φαρμακολογία και", "βρώσιμα κλασεις", "αποξηραμένα και", "χαρτοπωλείου ενδύματα", "ζωυφίων χημικά", "χαλύβδινοι λέβητες", "ρέντης τκ", "καλλυντικών περιλαίμια", "πιατοθήκες με", "δικαιουχος κονσερβοποιϊα", "πίκλες καφές", "τηλεπικοινωνιες μονοπροσωπη", "ψάθες λινέλαιο", "μέταλλα ανεπεξέργαστα", "νάσος ταβουλάρης"], "20328_20090701_08_0005_miuEdit.txt": ["μονοπροσωπη οδός", "αβδελόπουλος τατοΐου", "βαλαβάνης τοαμαδού", "και σπόροι", "ηδύποτα καπνός", "επικαλύψεις για", "χολαργός τκ", "νεσεσέρ χωρίς", "μαρμαρογλυπτική κλασεις", "λιβανη σόλωνος", "μέταλλα δικοσμητικοί", "καρυπίδου ευθαλία", "καταγραφή τη", "γύψος και", "γλυκίσματα κλασεις", "δικηγοροσ τζίφας", "ομορρυθμος εταιρεια", "βιοτεχνικη εταιρια", "κατάθεσης vi2008c", "irbesartan farmaprojects"], "20329_20090721_08_0006_miuEdit.txt": ["γύψοι υλικά", "γλυκών κηροπήγια", "αποσμητικά κλασεις", "καλαμποκέλαιο κλασεις", "επισώτρων για", "σπίρτα είδη", "πηγής εδώδιμες", "και καθαίρεση", "κανάτες υποθέματα", "ακροστόμια εμβολείς", "κουμπαρος οε", "ερυθραίας τκ", "γαλακτώματα τονωτικές", "σμπόρας του", "χαρτοπωλείου κλασεις", "ηδύποτα οίνοι", "κτηματομεσιτικές υποθέσεις", "υπηρεσιεσ και", "τατοΐου γέφυρα", "υποθέσεις μίσθωσητηςακίνητηςπεριουσίας"], "20330_20090903_08_0007_miuEdit.txt": ["και τεχνικη", "πέραμα λεωφόρος", "σφράγιση των", "με γιουρογκρος", "νάσος ταβουλάρης", "τομαράς αιγείρα", "κλάση τσάντες", "δσπ 2761", "αυτών μπομπονιέρες", "ενδείξεως κρυπτογραφημένες", "ένδυσης καλτσοδέτες", "αερολιμένων αποστολή", "υαλοπολων προμηθευτικος", "απομιμήσεις του", "ραδιοταξί κλασεις", "σβάρνες συνδιασμοί", "μονοπροσωπη δημοτικό", "καρφουρ μαρινοπουλος", "ορολογοποιίας και", "χαρτοπωλείου κόλλες"], "20331_20090924_08_0008_miuEdit.txt": ["και σπόροι", "κόλλες για", "έντυπες εκθέσεις", "περιτυλίγματα κλασεις", "κρεμάστρες μπούστα", "δες φωτοπροβολη", "κλισέ έπιπλα", "έιδη ωρολογοποιείας", "επιστρωμένα με", "τκ 11471", "foods ανωνυμη", "χαρτοπωλείου κολλώδεις", "αρμενιακος οδός", "κυριακου δικηγόρος", "ζωυφίων ιατρικές", "σπυρίδωνος αμ", "ζαλτου οε", "κτηματομεσιτικές", "iryna ντρανγα", "βιοτεχνικη εταιρια"], "20332_20091030_08_0009_miuEdit.txt": ["χαρτοπωλείου κολλώδεις", "δοςπιοαδαβιετηλεκατεγραφόμενα χαρτί", "δερμιτζάκης ασκληπιού", "καιεργαλειομηχανές για", "συκευασίσ και", "τερρακότα από", "κώδωνες ελασμοποιηθέντα", "οδόστρωσης στερεωτικό", "σκόνες γαλακτώματα", "27496 ιπποκράτους", "αμδσπ 2732", "γουτεπέρκα ελλαστικόν", "λέκκας δουκ", "ταπιόκα οάγον", "μυλοποταμου πέραμα", "καρυκεύματα κλασεις", "κτηματομεσιτικές υποθέσεις", "δικαιουχος απισχνανσις", "προσημείωσης και", "περιλαμβανόμενα σε"], "20333_20091201_08_0010_miuEdit.txt": ["ένδυσης περιλαίμια", "καλογεροπούλου αμδσπ", "επικαλύψεις για", "κατοικίδιων φυσιοθεραπεία", "γουτεπέρκα ελλαστικόν", "παρασκευάσματα αποσμητικών", "πληρωτές ως", "αναλγητικών κλασεις", "superfoods εμπορεια", "rooms", "γεννήτριες ηλεκτρικής", "καλλυντικων ανωνυμη", "μεντισυστ εταιρεία", "αρτοποιεια αεβε", "και χοροεσπερίδων", "ερυθραίας αφμ", "υποθέσεις κτηματομεσιτικές", "σκητη αγροτουριστικες", "βιοτεχνικη εταιρια", "και ιατροτεχνολογικων"], "20334_20091231_08_0012_miuEdit.txt": ["λιόπετας αμδσα", "κτηματομεσιτκές υποθέσεις", "αχαρνές τκ", "ευρωιαπωνικη πάροδος", "ηλεκτρισμός μεταδότες", "παπουτσακης electrical", "χαρτοπωλείου κολλώδεις", "κλέμενς ακροδέκτες", "taiwan πληρεξουσιος", "εριοβάμβακας πτερά", "ανάπτυξης πραγματογνωμοσύνη", "πάρνηθος τκ", "αντικλητος μαριλένα", "ανάγλυφων καταστροφείς", "ταχιδερμία επεξεργασία", "201413 ημ", "λιανεας αθαν", "και ξεκελιδώματος", "ορισμ εγχρ", "κατάθεσης 77411072"], "20335_20091231_08_0011_miuEdit.txt": ["καλογεροπουλου αμδσπ", "καλλωπισμού οδοντόπαστες", "τομασκεση λεωφόρος", "τατοΐου πληρεξουσιος", "κανδεμιλης του", "ενεχύρων ιδιοκτησιακό", "επιθεώρησης φωτογραφικά", "ανελκυστήρων κλασεις", "και ιατρείων", "kt13 0qu", "επαλείψεις για", "κατάθεσης fi2007c", "ανηπτημένα κλασεις", "και σχετική", "αρτος δπτυρείται", "lausanne suisse", "υποθέσεις κτηματομεσιτικές", "αναπαραγωγές ευχετήριες", "δικαιούχος μονοπρόσωπη", "ομορρυθμος εταιρεια"], "20336_20100318_08_0001_miuEdit.txt": ["γκλαβας οε", "χατζηιορδανου οε", "δικαιουχος ταραμπε", "οινοπνευματώδεις ηδύποτα", "νεοκοσμος εργοληπτική", "επιστολόχαρτο κλασεις", "κοκταίηλς αλκοολούχα", "μηχανές γραμματοσήμανσης", "αυτοκινήτων φρουρημένη", "συσσιτίου καζάνια", "σουλτου αμδσα", "λεκκας δουκ", "ucge magaza", "πάστες κάικ", "συγκεκριμένα επικαλυμμένοι", "και τεχνικη", "συσκέψεων υπηρεσίες", "σωτηρίου δήμος", "όλγα στησιχόρου", "βιοτεχνικη εταιρια"], "20337_20100413_08_0002_miuEdit.txt": ["σφολιάτας γλυκίσματα", "χαρτοπωλείου κολώδεις", "ις δέρματα", "ζωυφίων σερβιέτες", "καρυκεύματα κλασεις", "αθύρματα γυμναστικά", "ηλεκτροσυνεταιριστικη ανωνυμος", "ψάθες στολίσματα", "παπαλουκας αμδσα", "κώδωνες ελασμοποιηθεντα", "ανεστης σπανοσευαγγελος", "αγκράφες και", "ζάκχαρις όρυζα", "βαψίματος κλασεις", "υμηττός τκ", "ιπποσκευές εφίππια", "εγεγραμμένες σε", "γαλακτοκομίας γαριδάκια", "σίνδου 39α", "φαρμακευτικά ιδιοσκευάσματα"], "20338_20100503_08_0003_miuEdit.txt": ["άλας παρασκευάσματα", "ευκάλυπτος για", "σουμάκι για", "γλυκίσματα πλάσται", "κοιλεπίδεσμοι ορθοπεδικοί", "δείγματα υλικό", "εμπειρογνωμόνων για", "επιταγών φιλανθρωπικοί", "φαρμακευτικά κλασεις", "λιόπετας αμδσα", "φάλαινας όστρακο", "αιγηις ανωνυμη", "χαρτοποιία υφασμάτινα", "βακτηριολογικά", "κασκώλ φόρμες", "ερυθραία τκ", "ακτινολογικές οθόνες", "grenchen suisse", "τροφιμων μονοπροσωπη", "βρεφών μαιευτικές"], "20339_20100618_08_0004_miuEdit.txt": ["καλογεροπούλου αμδσπ", "λεκκας δουκ", "παπαπολιτης ανωνυμη", "κωστοπούλου δικηγόοος", "ογκολογικά κλασεις", "επιστολόχαρτα διοίκηση", "δικηγοροσ γεώργιος", "παπαταξιάρχης αμ", "νικολοπουολος πληρεξουσιος", "ναφθαλίνη νεοδύμιο", "ηεβς ελλενικ", "πεζοδρομίου λίθοι", "βουδαπέστης ταραμοσαλάτα", "ιωαννου δικηγορικη", "καλλωπισμού αποσμητικά", "την διάγνωση", "αριθμ 1947", "τολουόλη τονωτικά", "υποθέσεις κτηματομεσιτικές", "οργανισμος ραδιοτηλεοπτικη"], "20340_20100618_08_0005_miuEdit.txt": ["υαλουργικά σχοινιά", "αβγά και", "αναπνευστήρες στολές", "κόλλες για", "σκηναί καλύμματα", "μπιζνες λεωφόρος", "βρώσιμα κλασεις", "τηλετυπος ανωνυμη", "σιρόπιον εκ", "διαφημιστικη ανωνυμη", "ζωυφίων εμπορικές", "πεϊνιρλί κρεατόσουπες", "δικαιουχος μεντισπες", "ζάκχαρις όρυζα", "εκάλη οδός", "superfoods εμπορεια", "κυριάκου δικηγόρος", "ηλεκτρικά περιλαμβανομένων", "τσετη φαρμακευτικά", "οινοπνευματώδεις ηδύποτα"], "20341_20100809_08_0006_miuEdit.txt": ["παναγόπουλος αμδσπ", "στάχτιαρης αμδσα", "ιθώμης γκύζη", "απόφαση αθλητιατρικος", "αποσμητικά κλασεις", "αρίθμησης τκ", "απόξεση φαρμακευτικά", "καλλωπισμού ομπρέλες", "υποθέσεις κτηματομεσιτικές", "καρπετς ανωνυμος", "πραγματογνωμοσύνης παροχή", "επίσωτρων αντικλεπτικοί", "kricket ανωνυμοε", "ανιχνεύσεως διαρροών", "παρασιτοκτόνα λιανική", "σκοροκτόνο σε", "sephora marinopoulos", "και παρασκεύσματα", "τσαπανιδης οε", "austria πληρεξουσιος"], "20342_20101108_08_0009_miuEdit.txt": ["τούβλων ήλωση", "μαργαρόπουλος αμδσθ", "χατοπωλείου κόλλες", "ήχαρτόνι φύλλα", "επιβράβευσης λογισμικό", "οινοπνευματώδεις ηδύποτα", "επίσωτρων βουλκανισμός", "νομισματοδέκτη", "καϊσίδης ματθαίος", "για ιδιοκτησία", "και σύνδεσμοι", "εγκαταστάσεων ασφάλειες", "κατάδυσης αναπνευστικός", "τζαρτζιάνη του", "γραμματόσημα ταχυδρομικές", "δικηγορικής εταιρίας", "lausanne suisse", "ασπρόπυργος τκ", "βιοτεχνικη εταιρια", "duacinarimahallesi devre"], "20343_20101006_08_0007_miuEdit.txt": ["σφραγίσματα και", "μεταλλεύματα μηχανές", "γύψος επίδεσμοι", "πυρόσβεσης παρασκευάσματα", "υλικών επικαδμίωση", "τασιενεργείς", "την βιομηχανίαν", "στεατικά κηρία", "τουαλέτ σαπούνια", "τιθέμενες εις", "επισιτισμού κλασεις", "μεταλλικά εκμαγεία", "μπουλντόζες ανελκυστήρες", "ουρητήρια εξοπλισμός", "γεωργίαν εκκολαπτικαί", "ουσίαι προστύμματα", "τσάντες γκολφ", "δεξτρόζη όχι", "αλύσεις εξαιρέσει", "εστιάσεως catering"], "20344_20101008_08_0008_miuEdit.txt": ["παπαλουκας αμδσα", "τατοΐου 165", "ποσειδώνος αριθ", "αλεξάνδρας 11473", "περιβολαρης δσθ", "πληρεξουσιος δικηγοροσ", "09 πληρεξουσιος", "ακτινοπροστασίας πλέγματα", "βαΐα δικηγόρος", "ζάκχαρις όρυζα", "μπερμπεριδη ανωνυμη", "γανωτής μηλιώνη", "αντικλητος κυβέλη", "χαρτοπωλείου κολλώδεις", "επιδέσμων διαλύματα", "κόλλες για", "πεϊνιρλί κρεατόσουπες", "και σπόροι", "ιωσηφιδησ νεοκαισαρεία", "υποθέσεις κτηματομεσιτικές"], "20345_20101213_08_0010_miuEdit.txt": ["καλογεροπούλου αμδσπ", "οικοδομές κλασεις", "παπαπολιτης ανωνυμη", "γουτεπέρκα ελλαστικόν", "βλαχος ομορρυθμη", "χρήσεως κτένια", "τηλεγραφημάτων επικοινωνία", "χαρτοπωλείου κλασεις", "τατοΐου 165", "πόρτας προσομοιωτές", "κοπερ φαρμακοβιομηχανια", "και σύνδεσμοι", "λειτουργούμενες με", "γαβριήλ δικηγόρος", "οινοπνευματώδεις ηδύποτα", "productions τζουρναλιστς", "αγαλματίδια από", "οδοντοπροστασίας για", "παλαιοκαστρίτσας περιοχή", "ενέσιμα"], "20346_20101231_08_0011_miuEdit.txt": ["τκ 11471", "λιβανη σόλωνος", "208061 απεικ", "φωτεινή δικηγόρος", "δικηγοροσ μαρια", "αναργυρος νομικος", "οδός κωλλέτη", "λιλλυ αεβε", "δικαιουχος μπητουλα", "παναγόπουλος δσπ", "πληρεξουσιος δικηγοροσ", "βρώσιμα κλασεις", "teletext διανομή", "δορυφορικών λογισμικό", "ναυτεμπορικη πανος", "υποθέσεις κτηματομεσιτικές", "μπουδουριδου σια", "κλινοστρωμνης με", "μαιζώνος πάτρα", "του ταμάζ"], "20347_20101231_08_0012_miuEdit.txt": ["οδοντοσμητικά κλασεις", "καλογεροπούλου αμδσπ", "κόλλες για", "αγκράφες και", "κλινοσκεπάσματα και", "γλυκίσματα κλασεις", "ζωυφίων ιατρικές", "λιλλυ αεβε", "υποθέσεις κτηματομεσιτικές", "χαρτοπωλείου κόλλες", "πετσετοκρεμάστρες επιτοίχιοι", "μυκητοκτόνα ζιζαντιοκτόνα", "μονοπροσωπη εταιρεια", "και χημικές", "κερματοδέκτη ταμειακές", "τα εδώδιμα", "γυψοσανίδες τσιμεντοσανίες", "τσετη φαρμακευτικά", "επιμελητείας περιλαμβανόμενες", "κανσέρβαι απσξηραθέντα"]}