{"34203_20071115_13_0001_miuEdit.txt": ["και αφισοκόλληση", "των 99933641", "κόμματος συνασπισμος", "εκθεση εκλογικων", "εκτελεστικής γραμματείας", "κόμματος οικολογοι", "προεκλογικής αφίσας", "κινηματων και", "του προϋφισταμένου", "τις διεξαγωγές", "οακκε οργανωση", "καλλιγιαννης 11", "αποδεικτιικά στοιχεία", "σβετλάνα το", "λισαγκόρ βεργή", "και καταλόγισε", "σπατατζικίου αναγνωριζόμενον", "μελισσουργος 15", "κατεβλήθησαν δαπάνες", "μαρξιστικο λενινιστικο"], "34204_20071115_13_0002_miuEdit.txt": ["κόμματος ενωτικη", "λενινιστικο για", "εκθεση εκλογικων", "1η δεκεμβρίου", "ενωτικη αντικαπιταλιστικη", "και συνασπισμων", "504 00", "κόμματος κουπόνια", "αποδειξεις 673", "36 276", "52499 γενικο", "τα παραστατικά", "φύλλο 586", "κουπονια 52499", "ταχυμεταφορες αποδειξεις", "εκτύπωση και", "γνωστοποιούμε ότι", "παπαθεμελης αριστοτελης", "υποψηφιων 45276", "καμιά από"], "34205_20080130_13_0001_miuEdit.txt": ["παραστατικα παράβολα", "αποδείξεις λιανικής", "ψηφοδελτίων 8303", "τον προεκλογικό", "εσοδα έκτακτες", "συμμαχια εξοδα", "τις βουλευτικές", "έκθεση εκλογικών", "έκτακτες εισφορές", "ψηφοφόρων", "28395 εσοδα", "ειδικες εκθεσεις", "8303 τιμολόγιο", "μεταφορικών εκτύπωση", "υποψηφίων βουλευτών", "φορτωτικές τιμολόγια", "και φίλων", "10395 εσωτερικός", "νομαρχίες 4229", "εκλοπκο αθήνα"], "34206_20080229_13_0002_miuEdit.txt": ["εκθεσεις εκλογικων", "έκθεση εκλογικών", "εκλογικων", "συνασπισμων πολιτικων", "εκλογικων εσοδων", "και συνασπισμων", "δαπανών άρθρο", "τις εκλογές", "της 16ης", "ειδικες εκθεσεις", "πολιτικων κομματων", "πανελληνιο σοσιαλιστικο", "σοσιαλιστικο κινημα", "και δαπανων", "των πολιτικων", "εσοδων και", "κομματων ειδική", "κόμματος πανελληνιο", "ισχύει του", "3023 2002"], "34207_20090715_13_0001_miuEdit.txt": ["539346 455750", "539349", "359131", "455752 315423", "graph 029", "εκλογικα εξοδα", "359126 26", "455599", "έκθεση εκλογικών", "163722 163722", "τα 4285", "ειδικες εκθεσεις", "παραστατικά 10", "κουπονιών θεωρημένων", "εμμανουηλ καλλιγιαννης", "φιλελευθερων για", "συνασπισμων πολιτικων", "εκτύπωση ψηφοδελτίων", "την βουλή", "μετμπα μετμπα"], "34208_20090730_13_0002_miuEdit.txt": ["του συνδυασμού", "έκθεση εκλογικών", "999336141 της", "επιταγών του", "τασσιοπουλου ενταλμα", "κωτταδης οε", "εκλογικες δαπανες", "τις συνδρομές", "ασπρογερακας ειδική", "ψηφοδελτίου ανακυρήχθηκε", "της προεκλογικής", "τζιαφας γεωρπος", "παουρδημος 8ι", "μετροραμα 163", "αφισών και", "οακκε οργάνωση", "δαπανών άρθρο", "εδοεαπ 499", "κόμματος οικολογοι", "informedia επε"], "34209_20090807_13_0003_miuEdit.txt": ["κουτουγερας οδυς", "ευρωεκλογων 934", "upset master_", "συνεντ ευρωψηφοδέλτιο", "απομαγνητοφώνηση 18813", "163473 τηλετυπος", "έκθεση εκλογικών", "εκδοτικες επιχ", "2469 παπαχαραλαμπους", "259455 αγγελιδης", "δημήτρης αφισοκόλληση", "παναγιωτιδης εκλογικες", "ταλφανιδης 100", "κόμματος συνασπισμος", "τηλεπικοιν κες", "ψηφοφόρων τπυ", "κινήσεως βουλευτών", "δαπάνης ετεροδημότες", "εχτραιτ εξοδα", "ολυμπίων κληροδοτημάτων"], "34210_20090923_13_0004_miuEdit.txt": ["ψηφοδελτίων φύκας", "εκθεσεις εκλογικων", "εκλογικων εσοδων", "προεκλογικών φέιγ", "δωρεές μελών", "τπ 111", "τπ141 22", "μάζης αριστείδης", "και συνασπισμων", "μιχαλολιακος", "φέιγ βολάν", "παναγιώτης τπ141", "00 δαπανες", "γραμματέας νικολαος", "τις ευρωεκλογές", "ειδικες εκθεσεις", "αθηνών 4265", "ευρώ έκαστος", "παράβολο συμμετοχής", "εκτύπωση ψηφοδελτίων"], "34211_20091204_13_0005_miuEdit.txt": ["του συνδυασμού", "έκθεση εκλογικών", "επιταγών του", "κόμματος συνασπισμος", "προεκλογικού αγώνα", "εκλογικές δαπάνες", "εκλογικής χρηματοδότησης", "κόμματος σύνολον", "οικοσκευών και", "αποδείξεων θεωρημένων", "οακκε οργάνωση", "ψηφοδελτίου ανακηρύχθηκε", "οικολογοι καθολικού", "επιμελητών 802", "χρησιδάνειο σβετλάνας", "2002 φεκ", "αρεοπαγιτών χρηματοδότηση", "τόπους νομαρχίες", "της κυβερνήσεως", "υποσημειωση εκ"], "34212_20091204_13_0006_miuEdit.txt": ["του συνδυασμού", "ψηφοφόρων για", "συνυποψήφια βουλευτίνα", "έκθεση εκλογικών", "του παεκε", "τζαλαζιδης και", "υποψήφιοι βουλευτές", "κόμματος χαριζω", "τις συνδρομές", "εκλογικό υλικό", "παεκε υποψήφιος", "979 παράβολα", "νικολάου ξοδέψαμε", "τα προεκλογικά", "στείλανε 000", "έσοδα καλύφθηκαν", "κάθοδος ήταν", "χρεη παναγροτικο", "συνασπισμων πολιτικων", "6944130552 γιατί"], "34213_20091229_13_0007_miuEdit.txt": ["β629013 β629059", "από συνδρομές", "εκλογικής χρηματοδότησης", "έκθεση εκλογικών", "εκλογικες δαπανες", "παναγιώτης τπ183", "μιχαλολιακος ειδική", "προεκλογικών φέιγ", "παπαθεμελης οικονομικός", "τπ167 10", "δαπανών άρθρο", "σακοράφας αε", "ταχυδρομικά 2791", "τπυ 764", "και συνασπισμων", "κουπονιών όλες", "σε στέγαστρα", "συνεισφορές υπήρξαν", "κολιτσης διορθωσεις", "παραληφθέντα τα"], "34214_20120711_13_0001_miuEdit.txt": ["λοιπές δαπάνες", "τπυ 111", "εσοδα άρθρο", "βλαχος απυ", "αμφιθεάτρου αο", "ταχυδρομικη αεε", "τπυ 428", "χορηγων 60", "δαπανων των", "υπηρεσ", "ποσό δαπάνης", "απυ 2084", "τις εκλογές", "διαφ video", "εκλογικων", "εξορμηση κουπονια", "αο σπορτιγκ", "και αποστολή", "πρεκετες απυ", "τιμ παρ"], "34215_20120712_13_0002_miuEdit.txt": ["του συνδυασμού", "συνθια κτθ", "αλεξανδρος κτθ", "χορηγου παραστατικο", "τις βουλευτικές", "00 σιμπουρας", "μιχαηλιδης γιαννης", "της 6ης", "εκθεσεις εκλογικων", "και δαπανων", "δανεισμός 110", "εκλογικα εσοδα", "ειδικες εκθεσεις", "τραπεζα 000", "εκλογικη χρηματοδοτηση", "μερισματα τοκοι", "μιχαηλιδου συνθια", "συνασπισμων πολιτικων", "118 556", "κικιζας γεωργιος"], "34216_20120723_13_0003_miuEdit.txt": ["δωρεές alpha", "οι δωρεές", "hsbc 00000606", "ft1204230514ip03 επιτ", "eqvus έξοδα", "πρωτοπαπα εκτυπώσεις", "επιμελητές 65", "υποψηφιοτήτων 551", "αποτιμωμενες παροχες", "ψηφοδελτίων 014", "paypal 670", "12 skywalk", "κυπρου 660", "αθενς βοις", "buildings περίπτερα", "συνεδρίων 184", "λοιπες δαπανες", "και συνασπισμων", "καρδίτσα καρδίτσα", "κοντοπουλος nik"], "34217_20120727_13_0004_miuEdit.txt": ["δαπανες παραβολα", "συνδυασμού δαπανες", "εκλογικές δαπάνες", "νστκ εκδοθέντων", "εκλογ περιφέρειες", "βεργής συνταξιούχος", "δαπανών της", "μητσάκος οε", "κινηματογράφησης δήμου", "δαπάνες δικαστικός", "το κόμμα", "ψηφοδελτίων σηγκαλ", "τα 0007079", "δικηγορικών δαπανών", "νο24 184", "των εκλογικών", "κουπονιών θεωρημένων", "ιδιόκτητα γραφεία", "εξόρμηση κουπόνια", "τις 3ης"], "34218_20120730_13_0005_miuEdit.txt": ["ψαρρας οε", "12 τσαταλμπασιδης", "δρουμπαλας οε", "1182 490", "1166 12", "τηλετυπος αε", "ασημηνα 1969", "τσαλδαρη εντυπα", "ae τιμολ", "ρεμπελος φωτοτυπιες", "sms makreting", "euronetae 2548", "θεωρημ γραμ", "βουλευτων 1709", "παραβολα υποψ", "παραστατικό ημερομηνία", "τουριστικη αναπτ", "novus hotel", "επιχειρ αιγαιων", "λιβιερατος δικαστικοι"], "34219_20120806_13_0006_miuEdit.txt": ["επιμελητές 355", "έκθεση εκλογικών", "δαπανες οικονομική", "548 βεβαιώνουμε", "εσοδα δαπανες", "υποψήφιοι βουλευτές", "δαπάνες έγιναν", "μεταφορά ψηφοδελτίων", "και συνασπισμων", "εξοδα κεντρικού", "εκλογικων εσοδων", "εξόρμηση παράβολα", "ειδικες εκθεσεις", "εκλογικό έσοδο", "περιπτέρου 020", "δημητρης δεσυλλας", "αφίσες προκηρύξεις", "πραγματοποίησαν κανένα", "της 6ης", "328 δικαστικοί"], "34220_20120820_13_0007_miuEdit.txt": ["κωτιαδης οε", "χατζησταματιου 241", "ευσταθιος 851", "221 κουγιουμτζοπουλος", "391 τονικιδης", "430 χατζηιωαννου", "241 λεμας", "βαχτσιαβανος διαμαντης", "ποδηματας αεβε", "3042 051", "γλεριδης ελευθεριος", "χρηστος 864", "μαλαμαδακη 524", "293 μωραϊτου", "μεγακλης 506", "μεμετ 869", "τερζενιδης κων", "νος α725", "χατζηδακη γεωργια", "ολυμπιων κληρ"], "34221_20120820_13_0008_miuEdit.txt": ["εκθεσεις εκλογικων", "εκλογικων εσοδων", "συνασπισμων πολιτικων", "και συνασπισμων", "της 6ης", "κομμουνιστων διεθνιστων", "εκλογικων", "οργανωση κομμουνιστων", "διεθνιστων ελλαδας", "ελληνες οικολογοι", "πολιτικων κομματων", "βεργή ελληνες", "ειδικες εκθεσεις", "της δημοκρατικης", "οικολογοι για", "2012 ειδικες", "φιλελευθερων για", "δημοκρατικης αναγεννησης", "και δαπανων", "τις εκλογές"], "34222_20120822_13_0009_miuEdit.txt": ["εκλογικων εσοδων", "εκλογικών εσόδων", "έκθεση εκλογικών", "εκθεσεις εκλογικων", "συνασπισμων πολιτικων", "εκλογικων", "εκλογικών", "και συνασπισμων", "της 6ης", "εσοδων και", "ειδικες εκθεσεις", "συνασπισμων", "δαπανών της", "και δαπανων", "πολιτικων κομματων", "κομματων και", "των πολιτικων", "κομματων ειδική", "τις εκλογές", "ενωσης κεντρωων"], "34223_20120823_13_0010_miuEdit.txt": ["εκθεσεις εκλογικων", "έκθεση εκλογικών", "και συνασπισμων", "εκλογικων", "συνασπισμων πολιτικων", "εκλογικων εσοδων", "της 6ης", "ειδικες εκθεσεις", "του κομμουνιστικού", "δαπανών άρθρο", "και δαπανων", "παρ 3023", "εκλογικα εσοδα", "πολιτικων κομματων", "εσοδων και", "τις εκλογές", "3023 2002", "κομματων ειδική", "2012 εκλογικα", "των πολιτικων"], "34224_20120824_13_0011_miuEdit.txt": ["κατασκ περιπτ", "δαπανών άρθρο", "διαφημιστ καταχ", "παπαδακης 5πτυχα", "τπυ 544", "ηλεκτρ κα", "πρεβεζα τιμ", "απυ 896", "ρεμμος αποζημιωση", "γραφοτεχνικη τιμ", "λοιπες δαπανες", "κεφαλοπουλου εκφωνηση", "βακασης τιμ", "αεδ 111", "ποσο εξοδα", "εκλ κεντ", "ποσο ενοικ", "κοραη αλουπης", "χολεβας τπυ", "του εκλογικου"], "34225_20120824_13_0012_miuEdit.txt": ["έκθεση εκλογικών", "εκθεσεις εκλογικων", "συνασπισμων πολιτικων", "και συνασπισμων", "εκλογικων εσοδων", "εκλογικών", "πολιτικων κομματων", "ειδικες εκθεσεις", "δαπανών άρθρο", "και δαπανων", "κομματων ειδική", "εσοδων και", "των πολιτικων", "πανελληνιο σοσιαλιστικο", "κόμματος πανελληνιο", "σοσιαλιστικο κινημα", "3023 2002", "κομματων και", "18 παρ", "όπως ισχύει"], "34226_20120824_13_0013_miuEdit.txt": ["εκθεσεις εκλογικων", "εκλογικών", "συνασπισμων πολιτικων", "και συνασπισμων", "της 6ης", "εκλογικων εσοδων", "ειδικες εκθεσεις", "εσοδων και", "κομματων ειδική", "τις εκλογές", "κομματων και", "δαπανών σύμφωνα", "και δαπανων", "2005 κοινή", "κοινή υπουργική", "συριζα ενωτικο", "την υπ", "αριθμ 1217", "υπ αριθμ", "του 3023"], "34227_20120824_13_0014_miuEdit.txt": ["εκθεσεις εκλογικων", "εκλογικων", "και συνασπισμων", "ση εκλογικών", "εκλογικων εσοδων", "συνασπισμων πολιτικων", "της 6ης", "και δαπανων", "ειδικες εκθεσεις", "πολιτικων κομματων", "κομματων και", "τις εκλογές", "εσοδων και", "δαπανών άρθρο", "ειδική έκθε", "των πολιτικων", "και της", "έκθε ση", "λαϊκου ορθοδοξου", "3023 2002"], "34228_20120827_13_0015_miuEdit.txt": ["εκθεσεις εκλογικων", "έκθεση εκλογικών", "συνασπισμων πολιτικων", "και συνασπισμων", "εκλογικων", "εκλογικων εσοδων", "της 6ης", "ειδικες εκθεσεις", "πολιτικων κομματων", "κομματων ειδική", "και δαπανων", "του κόμματος", "δαπανών άρθρο", "κομματων και", "εσοδων και", "τις εκλογές", "των πολιτικων", "του 3023", "3023 2002", "πληρωνω για"], "34229_20120828_13_0016_miuEdit.txt": ["έκθεση εκλογικών", "και συνασπισμων", "εκθεσεις εκλογικων", "συνασπισμων πολιτικων", "εκλογικων εσοδων", "κόμματος πειρατών", "της 6ης", "συνεργαζόμενων κομμάτων", "του συνασπισμού", "πολιτικων κομματων", "ειδικες εκθεσεις", "συνασπισμού συνεργαζόμενων", "3023 2002", "δαπανών άρθρο", "φιλελεύθερη συμμαχία", "2012 ειδικες", "κομμάτων δημιουργία", "και δαπανων", "δημιουργία ξανά", "εσοδων και"], "34230_20121015_13_0017_miuEdit.txt": ["εκθεσεις εκλογικων", "εκλογικων εσοδων", "εκλογικών εσόδων", "έκθεση εκλογικών", "συνασπισμων πολιτικων", "εκλογικων", "εκλογικών", "και συνασπισμων", "ειδικες εκθεσεις", "εσοδων και", "της 16ης", "πολιτικων κομματων", "συνασπισμων", "και δαπανων", "λαϊκου συνδεσμου", "κομματων και", "των πολιτικων", "κομματων ειδική", "τις εκλογές", "ιουνίου 2012"], "34231_20121115_13_0018_miuEdit.txt": ["δαπανών της", "μέσω αποδείξεων", "εκλογικές δαπάνες", "της παράταξης", "εκλογικής χρηματοδότησης", "έκθεση εκλογικών", "παράταξη για", "αποδείξεων θεωρημένων", "σάνολο δαπανών", "ψηφοδελτίων 949", "ενισχύσεις μελών", "αντιπροσώπων βουλευτών", "του 3274", "αυτές πραγματοποιήθηκαν", "της 6ης", "την επιτροπή", "ειδικες εκθεσεις", "τους ακολουθώντας", "πρύτυπο", "κομνηνος καμαμης"], "34232_20140710_13_0001_miuEdit.txt": ["δαπανες οικονομική", "500 έξοδα", "εκθεσεις εκλογικων", "συνολο δαπανων", "εκλογικού υλικού", "000 παράβολα", "αποστολή ψηφοδελτίων", "2014 εσοδα", "και συνασπισμων", "χαρτόνια 12", "εκλογικό έσοδο", "ειδικες εκθεσεις", "διοικούσα επιτροπή", "300 βεβαιώνουμε", "δημητρης δεσυλλας", "αφίσες προκηρύξεις", "τη διοικούσα", "πανώ σημαίες", "υποψήφιοι ευρωβουλευτές", "42x150 300"], "34233_20140714_13_0002_miuEdit.txt": ["ευρώ αγιασσωτης", "μαρνερη ιμε", "δίχρωμων τιμολόγιο", "οε μεταφορά", "αεβε μεταφορά", "παραστατικά αθήνα", "πατλακας ιμε", "του συνδυασμού", "γαδ αλοϊσιος", "έκαστος απόδειξη", "βαρβαριγος σια", "κλωντζας σια", "εσωτερικών τιμολόγιο", "λοιπες δαπανες", "τκ 104", "εκδοση και", "διεθνιστων ελλαδας", "ευρωεκλογών της", "συγκεντρωτικη κατασταση", "τιμ α8247"], "34234_20140717_13_0003_miuEdit.txt": ["γενικα εξοδα", "λοιπά έξοδα", "και έκτακτη", "εσοδα εξοδα", "αποδείξεις λιανικής", "ταμίας γεωργιος", "αμοιβες πρ", "εκλογικων", "και δαπανων", "την οικονομική", "εισφορές μπλοκ", "000 παράβολα", "εσοδα συνδρομές", "οε λοιπά", "υπερέβη τα", "ταχυδρομείου εκτύπωση", "νομαρχίες", "ψηφοδελτίων 183", "ευρωεκλογων", "ασημ τσαγκανελιας"], "34235_20140722_13_0004_miuEdit.txt": ["έκθεση εκλογικών", "εκθεση εκλογικων", "εκθεσεις εκλογικων", "συνασπισμων πολιτικων", "εκλογικων εσοδων", "εκλογικών εσόδων", "και συνασπισμων", "εκλογικων", "εκλογικών", "τις ευρωεκλογές", "ειδικες εκθεσεις", "πολιτικων κομματων", "συνασπισμων", "των πολιτικων", "εσοδων και", "κομματων ειδική", "δαπανών της", "2014 ειδικες", "κομματων και", "ενωσης κεντρωων"], "34236_20140724_13_0005_miuEdit.txt": ["εκθεσεις εκλογικων", "εκθεση εκλογικων", "εκλογικων", "συνασπισμων πολιτικων", "και συνασπισμων", "τις ευρωεκλογες", "κομματος συνασπισμος", "εκλογικων εσοδων", "κομματων ειδικη", "συνασπισμος ριζοσπαστικης", "κομματων και", "δαπανων σύμφωνα", "την 1217", "εσοδων και", "και δαπανων", "των πολιτικων", "ειδικες εκθεσεις", "ριζοσπαστικης αριστερας", "υπ ες", "3023 2002"], "34237_20140724_13_0006_miuEdit.txt": ["έκθεση εκλογικών", "εκθεσεις εκλογικων", "εκλογικων", "εκλογικων εσοδων", "και συνασπισμων", "συνασπισμων πολιτικων", "τις ευρωεκλογές", "πολιτικων κομματων", "ειδικες εκθεσεις", "κοινοβουλιου της", "δαπανων άρθρο", "κόμματος πρασινοι", "του ευρωπαϊκου", "κομματων ειδική", "και δαπανων", "των πολιτικων", "εσοδων και", "πρασινοι αλληλεγγύη", "3023 2002", "λαϊκος ορθοδοξος"], "34238_20140724_13_0007_miuEdit.txt": ["έκθεση εκλογικών", "εκθεσεις εκλογικων", "εκθεση εκλογικων", "συνασπισμων πολιτικων", "και συνασπισμων", "εκλογικων", "εκλογικων εσοδων", "συνασπισμου κομματων", "τις ευρωεκλογές", "πολιτικων κομματων", "ειδικες εκθεσεις", "του κομμουνιστικου", "δαπανων άρθρο", "κομματων ειδική", "των πολιτικων", "κομματος ελλαδας", "και δαπανων", "εσοδων και", "3023 2002", "18 παρ"], "34239_20140730_13_0008_miuEdit.txt": ["έκθεση εκλογικών", "εκθεσεις εκλογικων", "εκλογικων", "συνασπισμων πολιτικων", "εκλογικων εσοδων", "και συνασπισμων", "συνασπισμου κομματων", "πολιτικων κομματων", "τις ευρωεκλογές", "παραταξη για", "επαναστατικο κομμα", "ειδικες εκθεσεις", "παλλαϊκο μετωπο", "κομματων ειδική", "δαπανων άρθρο", "κόμματος ελιά", "των πολιτικων", "εσοδων και", "ενιαιο παλλαϊκο", "3023 2002"], "34240_20140731_13_0010_miuEdit.txt": ["έκθεση εκλογικών", "εκθεση εκλογικων", "εκθεσεις εκλογικων", "συνασπισμων πολιτικων", "εκλογικων εσοδων", "εκλογικών εσόδων", "εκλογικων", "και συνασπισμων", "κόμματος οικολογοι", "κομμα πειρατων", "τις ευρωεκλογές", "οικολογοι πρασινοι", "ειδικες εκθεσεις", "πολιτικων κομματων", "πειρατων ελλαδος", "των πολιτικων", "πρασινοι κομμα", "κομματων ειδική", "εσοδων και", "λαϊκου συνδεσμου"], "34241_20140731_13_0011_miuEdit.txt": ["συσπειρωσις για", "λαϊκη συσπειρωσις", "τγ 049", "εκλογικής χρηματοδότησης", "ρουτσης παναγιωτης", "ιβ ταμιωλακης", "έκθεση εκλογικών", "αποδ τραπ", "ελευθεροπουλοι σια", "νικολτσιος κωνσταντινος", "100 καραμολεγκος", "μελισσας 099417710", "οδυσσεας τηλιγαδας", "τιτλος παραστατικο", "τσιγκρης ανδρεας", "γραμματιο συνδυασμου", "τις διατάξεις", "σπυριδων αποδ", "συνασπισμων πολιτικων", "μπουγιουκ παν"], "34242_20140731_13_0009_miuEdit.txt": ["τζημερος δραση", "ψηφοφόρων 00", "νικολαος χατζημαρκακης", "του συνδυασμου", "ψηφοδελτίων οκτωράτος", "ειδικες εκθεσεισ", "τιμ 8299", "εκλογικές δαπάνες", "δαπανων άρθρο", "παραβόλων για", "2002 φεκ", "μουζακα 02", "συνασπισμων πολιτικων", "οικονομικών αυγουστινος", "αποδείξεων θεωρημένων", "ατσαλακης 12", "8986 2015", "επιμελήτρια απυ", "μηνύματος αγελαδόπουλος", "advertising επε"], "34243_20140804_13_0012_miuEdit.txt": ["ενωσεων υπερκομματικων", "εκθεσεις εκλογικων", "υπερκομματικων κοινωνικων", "εκλογικων", "συνασπισμων πολιτικων", "ψηφοδελτιων 165", "και συνασπισμων", "εκλογικων εσοδων", "προεκλογικα εσοδα", "του κομματος", "κοινοβουλιο των", "κομματων εξοδα", "πολιτικων κομματων", "εκτυπωση ψηφοδελτιων", "μικροεξοδα 200", "λαϊκων ενωσεων", "το ευρωπαϊκο", "565 αθήνα", "κωνσταντινος νταλιος", "ειδικες εκθεσεις"], "34244_20140804_13_0013_miuEdit.txt": ["λοιπες δαπανες", "δαπανών άρθρο", "προεκλογική εισφορά", "ποσο κωσνταντινος", "τιμ 000133", "επε τιμ", "περιγραφη παραστατικο", "πουλης οε", "εσοδα χορηγηση", "αποστολη εντυπων", "06 καταχωρηση", "αλτιντζης τιμ", "grafo τιμ", "εκλογικων", "β27859 36", "τις εκλογές", "00 γκερμπεσιωτης", "τπυ β129", "συγκεντρωτικη κατασταση", "υπαρχει αποτιμωμενες"], "34245_20140806_13_0014_miuEdit.txt": ["συνασπισμων πολιτικων", "εκθεσεις εκλογικων", "και συνασπισμων", "εκλογικων εσοδων", "εκλογικων", "συνασπισμων", "πολιτικων κομματων", "των πολιτικων", "εσοδων και", "κομματων και", "και δαπανων", "ειδικες εκθεσεις", "δαπανων των", "δαπανων", "κομματων", "πολιτικων", "των", "εκθεσεις", "εσοδων", "ειδικες"], "34246_20140811_13_0015_miuEdit.txt": ["έκθεση εκλογικών", "και συνασπισμων", "769 00", "ενοτητος για", "κομματος συνασπισμος", "ευρωβουλευτών καλύφθηκαν", "εκτύπωση και", "αρ φυλλου", "βεργής έλληνες", "δωρητή συνολικό", "ευρωεκλογών", "ειδικες εκθεσεις", "την 1217", "οικολογοι για", "έλληνες οικολογοι", "οικονομικών δυσχερειών", "κουζουπης ειδική", "ισχύει δημοσιοποιούμαι", "δαρειωτης", "καλύφθηκαν από"], "34247_20140908_13_0016_miuEdit.txt": ["δαπανων άρθρο", "τιτλος παραστατικο", "ποσο λοιπα", "περιγραφη παραστατικο", "πραγματικη δαπανη", "λοιπες δαπανες", "χορηγου παραστατικο", "τιμολογιο 793", "της αριθμ", "διαφημ μηνυμα", "690 00", "τον πολιτικό", "δαπανης εξοπλισμος", "λαο εκλογικα", "διευκολυνσεις περιγραφη", "εκλογικες δαπανες", "εξοπλισμος εκλογικων", "αποτιμωμενες παροχες", "εκτυπωση ψηφοδελτιων", "συνασπισμων πολιτικων"], "34248_20140918_13_0017_miuEdit.txt": ["συνασπισμων πολιτικων", "εκθεσεις εκλογικων", "εκλογικων εσοδων", "και συνασπισμων", "εκλογικων", "κομματων ευρωπαϊκη", "συνασπισμων", "πολιτικων κομματων", "των πολιτικων", "εσοδων και", "ειδικες εκθεσεις", "κομματων και", "και δαπανων", "ευρωπαϊκη ελευθερη", "συμμαχια ουρανιο", "ελευθερη συμμαχια", "δαπανων των", "κομματων", "ουρανιο τοξο", "τοξο"], "34249_20141208_13_0018_miuEdit.txt": [], "34250_20150805_13_0001_miuEdit.txt": ["εκθεσεις εκλογικων", "εκλογικων", "εκλογικες δαπανες", "εκλογικων εσοδων", "εκθεση εκλογικων", "συνασπισμων πολιτικων", "κομματων ειδικη", "εσοδα εκλογικες", "εκλογικα εσοδα", "και συνασπισμων", "κομματων νεα", "των πολιτικων", "εσοδων και", "και 4304", "και δαπανων", "το δημοψηφισμα", "ειδικες εκθεσεις", "δαπανες γενικός", "κωνσταντινος τσιμαρας", "δαπανων 4023"], "34251_20150904_13_0002_miuEdit.txt": ["εκθεσεις εκλογικων", "εκλογικών", "την 22479", "συνασπισμος ριζοσπαστικης", "κόμματος συνασπισμος", "κομματων ειδική", "εκλογικων εσοδων", "ειδικες εκθεσεις", "το δημοψήφισμα", "εσοδων και", "ες kai", "πολιτικων κομματων", "δαπανών σύμφωνα", "και δαπανων", "22479 01", "ριζοσπαστικης αριστερας", "σεπτεμβρίου 2015", "υπ ες", "των πολιτικων", "της 5ης"], "34252_20150904_13_0003_miuEdit.txt": ["εκθεσεις εκλογικων", "εκλογικων", "του κόμματος", "κομματων ειδική", "συνασπισμων πολιτικων", "ένωση προσώπων", "κομματων και", "πολιτικων κομματων", "δαπανών άρθρο", "το δημοψήφισμα", "εκλογικων εσοδων", "ειδικες εκθεσεις", "προσώπων επιστημονική", "και δαπανων", "λαϊκος συνδεσμος", "των πολιτικων", "σεπτεμβρίου 2015", "εσοδων και", "συνδικαλιστική οργάνωση", "υπογραφή σφραγίδα"]}