{"20348_20000223_09_0001_miuEdit.txt": ["αρεοπαγίτη σπυρίδωνος", "αποτελούσα δικονομική", "δικαστικώς επιδιώξιμη", "εφετείου ασκήσεως", "διαφοράς αποτελούσα", "ελλείψεως δικαιοδοσίας", "παπαευαγγέλου αναπληρω", "αναπληρωματικού μιχαήλ", "αναιρέσεως του", "τον διάδικο", "πρωτοδικειακής απόφασης", "απορριπτέα ως", "δικάζεται ως", "αβάσιμο επομένως", "κρινομένης υπό", "δικαστικούς υπαλλήλους", "συνεδρίου κωλυομένου", "κοκολάκη αντιπρόεδρο", "και και", "προκειμένω αποφατική"], "20349_20000223_09_0002_miuEdit.txt": ["επιτίμιο της", "αρεοπαγίτες ιωάννη", "ελλείψεως δικαιοδοσίας", "ευθύνης του", "τον και", "πάγου παραπέμφθηκε", "διαδίκων καθώς", "αναιρεθεί ως", "του αρείου", "επέλυσε και", "αποκοπής από", "επικρατείας κωλυομένου", "παπαευαγγέλου αναπληρωματικό", "δίκη κατηργημένη", "σάρπ εισηγήτρια", "κοκολάκη αντιπρόεδρο", "ακυρώσεως προεβάλλετο", "κορωπίου παπαγιαννάκου", "διετέλεσαν διάδικοι", "πληρεξουσίου αραβοελληνική"], "20350_20000225_09_0003_miuEdit.txt": ["αναιρέσεως του", "αρεοπαγίτες ιωάννη", "εφετείου ιωαννίνων", "δικηγόρου θεοτοκάτου", "λοιπούς διαδίκους", "πάγια νομολογία", "αντισυνταγματικότητα διατάξεως", "της έννομης", "διαδικαστικοί διατάξεις", "ακυρώσεως ως", "κοκολάκη αντιπρόεδρο", "την συνταγματικότητα", "και βεατρίκης", "αποβιώσαντος γεωργίου", "προαναφερθείσες παραπεμπτικές", "συνεδρίου κωλυομένου", "κρινόμενη αίτηση", "μέϊμάρογλου καθου", "αποφαίνεται ότι", "μισθωτές άσκησαν"], "20351_20000225_09_0004_miuEdit.txt": ["αρεοπαγίτη γεωργίου", "δικονομικού χαρακτήρα", "πάγια νομολογία", "ακυρώσεως της", "διαδίκους επειδή", "και ελεγκτικού", "ηττώμενους διαδίκους", "της απορριπτικής", "εξέφερε νομίμως", "εκκαλούσης γεννηθέντα", "του άρειος", "τον αιτούντα", "ουσιαστικής αντισυνταγματικότητας", "μνησθείσαν πράξιν", "συνέτρεξε περίπτωση", "θεμελιούν έννομο", "κρινόμενη αίτηση", "νομοτύπως και", "αντισυνταγματάρχης από", "ειρήνης αναπλιώτου"], "20352_20000225_09_0005_miuEdit.txt": ["σακελλαρόπουλου κατοίκου", "δικασάντων δικαστηρίων", "επιτίμιο της", "αρεοπαγίτες ιωάννη", "ιεραρχίας καίτοι", "του απορρίφθηκε", "και φαναριοφαρσάλων", "αυτού αρμοδιοτήτων", "του αρείου", "ανάκλησης του", "επικρατείας κωλυομένου", "αποκοπής από", "αναιρέσεως οι", "σάρπ εισηγήτρια", "αντισυνταγματικότητα την", "απορριπτέα ως", "κοκολάκη αντιπρόεδρο", "καταστατικών διατάξεων", "υπερνομοθετική ισχύ", "κρινόμενη αίτηση"], "20353_20000225_09_0006_miuEdit.txt": ["αρεοπαγίτη γεωργίου", "δικασίμου το", "αναιρεσίβλητο ταμείο", "την επίδικη", "αναίρεσης του", "πάγια νομολογία", "διαδικαστικής πράξεως", "δικονομία επέλυσε", "και βεατρίκης", "οφειλέτην και", "σάρπ εισηγήτρια", "επιμελουμένην την", "έννομης σχέσης", "απολείπονται οι", "επικαλούμενος οψίμως", "αποφαίνεται ότι", "αναγνωριστικό καταψηφιστικό", "συνεδρίου κωλυομένου", "αξιώσεις αποζημιώσεως", "τσορμπατζόγλου κατοίκου"], "20354_20000225_09_0007_miuEdit.txt": ["αρεοπαγίτες μαριάνο", "αρεοπαγίτη σπυρίδωνα", "αναίρεσης της", "την επίδικη", "του αρείου", "διατακτικό μειοψήφησαν", "αποφαίνεται ως", "αναιρέσεως δικαστήριο", "πληρεξουσίου καθου", "επιδικασθεί με", "αναίρεσις κεκυρωμένο", "θωμά παπαευαγγέλου", "συνεδρίου κωλυομένου", "εδικαιούτο και", "εθεμελιούτο δικαιοδοσία", "κρινόμενη αίτηση", "ηττώμενη διάδικο", "μνησθείσαν παραπεμπτικήν", "υπαρχής έγκρισις", "ημερομισθίων επιχορηγήσεων"], "20355_20010329_09_0001_miuEdit.txt": ["αρεοπαγίτες δημήτριο", "ελλείψεως δικαιοδοσίας", "δικαιοδοσίας αεδ", "εκκρεμοδικία ενώπιον", "αναιρέσεως του", "την επίδικη", "ενδίκου βοηθήματος", "κρινόμενη ως", "του εισηγητού", "δικαστικού επιμελητή", "πτωχεύσεως άρειος", "παναγιώτου παπαμιχαήλ", "αντιπροέδρων θεόφιλο", "επικρατείας αποφαινόμενο", "υπόθεσης εκθέσεις", "αποφαίνεται ότι", "επιληφθέντα αποσχόντα", "νομοθέτης εξουσιοδοτείται", "διαδίκου διάδικος", "διόρισαν πληρεξούσιο"], "20356_20011105_09_0002_miuEdit.txt": ["δικαστικώς αναγνωρισθέντας", "αρεοπαγίτη εμμανουήλ", "δικάσιμον και", "του κπολδ", "δικαιοδοσίας αεδ", "επιδίκαση αποζημιώσεως", "αναιρέσεως της", "λοιπούς διαδίκους", "θεσπίζει διαδικαστικούς", "κατασχέσεως και", "του ανακοπής", "την υπερνομοθετική", "κάθε διάδικο", "τελεσιδικίας συντρέχει", "εφετείου πειραιά", "και τον", "πληρεξουσίας του", "συνεδρίου αποφαίνεται", "αντιπροέδρων χρήστο", "επιληφθέντα αποσχόντα"], "20357_20020207_09_0001_miuEdit.txt": ["δικονομικού δικαίου", "αναίρεσης του", "ελλείψεως δικαιοδοσίας", "του κπολδ", "του παραπεμφθέντος", "δικαστικού επιμελητή", "την επίδικη", "αφενός κρινόμενη", "αρεοπαγίτες μαρία", "αναιρέσεως ενώπιον", "του απορρίφθηκε", "περιθάλψεως εδοεαπ", "ενδίκου βοηθήματος", "χαρίκλειας νάρνου", "διαδικαστικαί διατάξεις", "εκκρεμοδικία αεδ", "ταμίαν ικα", "αρεοπαγίτη αρχοντή", "υπόθεσης εκθέσεις", "συνοικοπεδούχου συνυποχρέου"], "20358_20030303_09_0001_miuEdit.txt": ["αρεοπαγίτες ως", "αρεοπαγίτη μαρία", "ετεροδικίας της", "δίκαιον 1951", "δικαιοδοσίας δικαστηρίων", "τον διάδικο", "πωλήσεως και", "επικαλούμενη την", "αναιρεσίβλητο με", "του μειοψήφησαν", "δικαστών caflisch", "δικαστικώς μέσω", "και τακτικών", "δικαστηρίου διαδικαστική", "αντιπροέδρων αικατερίνη", "περιθάλψεως εδοεαπ", "ενεχυρίασης κοινοποίησε", "προσεκόμισαν συμβολαιογραφικόν", "συνεδρίου κωλυομένου", "κρινόμενη περίπτωση"], "20359_20030926_09_0002_miuEdit.txt": ["ελλείψεως δικαιοδοσίας", "τελεσιδικία της", "συγγούνα αναπληρωματικό", "αναίρεσης αιτίαση", "εφετείου θράκης", "του κπολδ", "αρεοπαγίτες ιωάννη", "ασκηθέν ένδικον", "ορισμό εκκαθαριστών", "επιμελητών δαπάναις", "επιθεωρητρίας φαλδαμή", "εκκαθαρίσεως και", "μοσχανδρέου αρεοπαγίτη", "και δασολογικού", "άρση αμφιισβητήσεως", "διαδικαστικαί διατάξεις", "μτς δικάζον", "συνεδρίου κωλυομένου", "σακελλαροπούλου σύμβουλος", "υπογράφοντα δικηγόρον"], "20360_20040128_09_0001_miuEdit.txt": ["αρεοπαγίτη ως", "δικαστικού επιμελητή", "τους κατοικοεδρεύον", "εγγυήτριας από", "δικασίμου επιδόθηκε", "δικαιοδοσίας δικαστηρίων", "λοιπούς διαδίκους", "την ένδικη", "σακελλαροπούλου εισηγήτρια", "του εισηγητή", "αμφισβητήσεως αποφατική", "μοσχανδρέου αρεοπαγίτη", "την προσβαλλόμενη", "δεδικασμένον περί", "και άρση", "τελεσιδικία της", "παραπέμψαν δικαστήριον", "κρινομένης αιτήσεως", "και πρωτοφειλέτη", "ανθυπαστυνόμων αρχιφυλάκων"], "20361_20050223_09_0001_miuEdit.txt": ["αρεοπαγίτες κωνσταντίνο", "αμφισβητήσεως περί", "συγγούνα αναπληρωματικό", "τελεσιδικίας των", "αποβιώσαντος αντωνίου", "ασκησάντων την", "δικασίμου μετά", "την ενδεχόμενη", "του νομάρχου", "οφείλοντο για", "της αναιρέσεως", "σακελλαροπούλου και", "απορριπτέος ως", "πράξεως αναφύεται", "λοιπούς διαδίκους", "διατάξεις αεδ", "επωνυμίαν ταμείον", "οδοποιίας απεφασίσθη", "επίμαχες διατάξεις", "προσκομισθέντος δικογράφου"], "20362_20050706_09_0002_miuEdit.txt": ["αρεοπαγίτες κωνσταντίνο", "του εισαγγελέως", "αρεοπαγίτης καλαβρός", "ελλείψεως δικαιοδοσίας", "εσφαλμένα αποφαίνεται", "απορριπτέα ως", "τελεσιδίκων αντιθέτων", "δικονομίες να", "αναιρέσεως της", "διαδίκου επίσης", "εδικαιούτο για", "εθέσπισε το", "ευδοξίας βοϊδανίδου", "διατακτικού των", "υπότιτλο αποφατική", "την έννομη", "πληρεξούσια δικηγόρο", "ηττώμενη διάδικο", "συνεδρίου κωλυομένου", "κρινόμενη αίτησή"], "20363_20060208_09_0001_miuEdit.txt": ["αρεοπαγίτες κωνσταντίνο", "δικονομικού δικαίου", "δικάσαντος κατά", "επίσης προσφυγή", "αναιρέσεως της", "και ελεγκτικού", "διαδίκους επειδή", "πόρισμά του", "την προσβαλλόμενη", "αντίγραφον της", "ελλείψεων δικαιοδοσίας", "πρωτοδικειακής αποφάσεως", "της απορρίφθηκε", "διαδικαστικαί διατάξεις", "πληρεξούσια δικηγόρο", "υπόθεσης εκθέσεις", "πλειοφηφούσα γνώμη", "δραγάζη αυτοαποκαλούμενου", "επιληφθέντα αποσχόντα", "σκανδάμη κωνσταντίνο"], "20364_20060725_09_0002_miuEdit.txt": ["εφετείου κομοτηνής", "αρεοπαγίτες κωνσταντίνο", "δικασίμου αντίγραφον", "ειρηνοδίκη τάξεως", "δικαστηρίου κασιώλας", "αναιρέσεως του", "εισαγγελέως του", "λοιπούς διαδίκους", "αντεισαγγελέα του", "αναιρεσιβαλλόμενη απόφαση", "συμβούλου επικρατείας", "αναιρεσείων προσλήφθηκε", "δικογράφου κατατιθεμένου", "αντιπροέδρων του", "του εισηγητή", "απορριπτέα ως", "ουσιαστικής συνταγματικότητας", "αμφισβήτησις ανέκυψε", "της προσφυγής", "και δικηγορικές"], "20365_20070223_09_0001_miuEdit.txt": ["αμφισβητήσεως περί", "αίτηση αναιρέσεως", "διαδίκων αεδ", "τις διατάξεις", "του απορρίφθηκε", "περίπτωση απορριπτέες", "και άρση", "της ένδικης", "δικασίμου και", "δικογράφων άρση", "διοικήσεως 2006", "διαδίκου απόφαση", "του αρείου", "ανωτέρω δίκη", "ιντζεσίλογλου κατά", "δικαστικώς προσδιορισθείσας", "ότι ισχυρισμός", "αρεοπαγίτες ιωάννη", "μνησθείσα απόφασή", "συνεκδικάζον τας"], "20366_20070516_09_0002_miuEdit.txt": ["διάδικος του", "αποφασεις διόρθωση", "άρση αποφατικής", "άρση αμφισβητήσεως", "της διατάξεως", "επικρατείας 2896", "αμφισβητήσεως για", "διόρθωση σφάλματος", "του 1738", "του αρείου", "ευεργέτημα πενίας", "επιφέρεται πιο", "τον αιτούντα", "της διοικήσεως", "μανωλοπουλος από", "στο φεκ", "παναγιωτοπουλος πρόεδρος", "σην υπ", "ευεργετήματος μπορεί", "αριθμ 2006"], "20367_20070521_09_0003_miuEdit.txt": ["ελλείψεως δικαιοδοσίας", "απορριπτική αναίρεσης", "συνταγματικότητας διατάξεως", "δικάσιμος της", "αναιρέσεως του", "κανονιστικής πράξεως", "την παραπεμφθείσα", "συνέβαλλε ουσιωδώς", "δικαιοδοσίας αγωγές", "υπερνομοθετική ισχύ", "αναίρεσης εις", "πληρεξουσίας του", "αρεοπαγίτη ιωάννη", "αντισυνταγματικότητα την", "αποπεράτωσε εμπροθέσμως", "απορριπτέα τα", "έκριναν τελεσιδίκως", "της υποθέσεως", "μνησθέντα δικαστήρια", "ιντζεσίλογλου καθηγητές"], "20368_20070913_09_0004_miuEdit.txt": ["δικασίμου αντίγραφον", "του εισαγγελέως", "αναιρέσεως της", "δικογράφου κατατιθεμένου", "λοιπούς διαδίκους", "ακυρώσεως ότι", "ορισθείσα δικάσιμο", "αίτηση αναιρέσεως", "αντίγραφον της", "αρεοπαγίτες πέτρο", "απορριπτέοι ως", "ιντζεσίλογλου οι", "ότι επιχορηγείται", "αντιπροέδρων ιωάννη", "τριτανακοπής ισχύουν", "συνεκδικασθείσες αιτήσεις", "διαδικαστικαί διατάξεις", "επίμαχες αποφάσεις", "και τον", "αναστάσιο γκότση"], "20369_20071031_09_0005_miuEdit.txt": ["του εισαγγελέως", "αρεοπαγίτες ιωάννη", "αναιρέσεως της", "εκκρεμοδικίας ενώπιον", "δικασίμου της", "πρωτοδίκως ότι", "καϋμενάκη αναπληρωματικό", "δικαιοδοσίας αγωγές", "απορριπτέα ως", "τους αδικαιολόγητου", "δικαστικού επιμελητή", "πληρεξουσία του", "ακυρώσεως ισχυρισμοί", "εκδόσεως αντιφατικών", "τελεσιδικίας που", "εκδικάσουν τη", "επομένως ως", "νικόλαο ιντζεσίλογλου", "επιληφθέντα αποσχόντα", "ντώνα 6904"], "20370_20080919_09_0001_miuEdit.txt": ["δικάσιμος της", "αρεοπαγίτη ιωάννη", "αναιρεσιβληθείσα εφετειακή", "αντιπροέδρου αναστάσιο", "δικαστικού επιμελητή", "ενάγοντες δικαιοπάροχοι", "απαλλοτριώσεως αιτών", "απορριπτέα ως", "δίκη άσκησαν", "λοιπούς διαδίκους", "την ένδικη", "εκτελούσας συμβολαιογραφικά", "του υποθηκοφυλακείου", "διαδικαστικαί διατάξεις", "κηρύσσουσα την", "δικογράφου κατατιθεμένου", "διατακτικού των", "επιδώση πράξιν", "κρινόμενη αίτηση", "και κυρώθηκε"], "20371_20090126_09_0001_miuEdit.txt": ["δικαστικώς επιδιώξιμοι", "κατέστησαν δικαστικώς", "επικρατείας διονύσιο", "αρεοπαγίτες βασίλειο", "νομολογιακώς παγιωμένης", "τούτων άρειος", "επιδικασθεί και", "τσόλια αρεοπαγίτου", "την αδικοπραξία", "του διαδίκου", "δικαιοδοτικής λειτουργίας", "επέλυσαν το", "διατακτικού των", "τον δικηγόρο", "αντιπροέδρων νικόλαο", "αποφαίνεται ότι", "σπυρίδωνος κωνσταντίνου", "γαργερού τασίας", "κρινόμενη αίτηση", "αδικαιολογήτου"], "20372_20090929_09_0002_miuEdit.txt": ["δικαστικώς επιδιώξιμες", "αντισυνταγματικότητος διατάξεως", "ελλείψεως δικαιοδοσίας", "αναιρέσεως της", "και νομολόγησης", "της συνταγματικότητος", "κρινόμενης αιτήσεως", "διαδικαστικής πράξεως", "απορριπτέες ως", "φυλαττομένης της", "πορισματικής εκθέσεως", "ενδίκου βοηθήματος", "διατάξεις προεχόντως", "επικρατείας διονύσιο", "και αρείου", "ταύτη υπόθεσις", "τος αποφαίνεται", "εσφαλμένα ερμήνευσε", "δραχμών αλληλεγγύως", "κοινοποιήσεων αιτούσα"], "20373_20100208_09_0001_miuEdit.txt": ["ελλείψεως δικαιοδοσίας", "αρχικής δικασίμου", "ενδίκου βοηθήματος", "δικογράφου κατατιθεμένου", "δεδικασμένου και", "επικρατείας διονύσιο", "αναιρέσεως της", "λοιπούς διαδίκους", "εκκρεμοδικίας ενώπιον", "διετέλεσαν διάδικοι", "συμβολαιογράφου κορωπίου", "τον αδικαιολόγητο", "τελεσιδικίας που", "τις συνεκδικασθείσες", "και εκδίκασης", "αδικοπραξία γεννώμενη", "έκριναν τελεσιδίκως", "δικαστηρίων επομένως", "ενενηκονθημέρου από", "επιληφθέντα αποσχόντα"], "20374_20101022_09_0002_miuEdit.txt": ["τσόλια αρεοπαγίτες", "αρεοπαγίτη νικόλαο", "συντάγματος υπερνομοθετική", "επικρατείας διονύσιο", "πάγου παραπέμφθηκε", "δικαστικού επιμελητή", "την ένδικη", "τον οφειλέτη", "κρινομένης αιτήσεως", "και αυτασφαλίσεως", "απορριπτέα ως", "τον αδικαιολόγητο", "αναιρετικώς τις", "του αρείου", "ιατροσήμου και", "αργυρίου αιτούσα", "αντιπροέδρων ιωάννη", "εκκρεμείς δίκαι", "διαδικαστικών προϋποθέσεων", "παραεντερικά διαλύματα"], "20375_20110531_09_0001_miuEdit.txt": ["του εισαγγελέως", "αρεοπαγίτες νικόλαο", "του κπολδ", "εφετείου αντίκειται", "τον δικηγόρο", "και μαριάννα", "έλενας μουντεάν", "νομοθετικής προβλέψεως", "αναιρεσιβαλλόμενη απόφαση", "συνεδρίου κωλυομένου", "μπατζαλέξη αρεοπαγίτες", "κρινόμενη αίτηση", "δικάσιμο επειδή", "πληρεξουσίων του", "διατακτικού των", "μεν άρειος", "αναιρεσείοντος παππούδες", "απέβλεψε στην", "εισάγοντας ως", "ευστρατίου παναγιώτα"], "20376_20110531_09_0002_miuEdit.txt": ["αρεοπαγίτης ανέγνωσε", "ελλείψεως δικαιοδοσίας", "αντιπροέδρου αναστάσιο", "δικασίμου και", "αναιρεσίβλητο βασίλειο", "τον δικηγόρο", "αρεοπαγίτες βασιλική", "επιδίκαση αποζημιώσεως", "προκειμένω κρινόμενη", "πληρεξούσια δικηγόρο", "αντιπροέδρων ιωάννη", "αιτούσα υπεχρεούτο", "απαριθμούμενες αρμοδιότητες", "γεωργίου μπατζαλέξη", "χριστοφορίδου εισηγήτρια", "απορριπτέα ως", "δεδικασμένου εξάλλου", "παντός διαδίκου", "συνεδρίου κωλυομένου", "ασκηθείσα διαδικαστική"], "20377_20120203_09_0001_miuEdit.txt": ["ελλείψεως δικαιοδοσίας", "αναίρεσης ανωτέρω", "διαδίκου αναρεσίβλητης", "αναιρεσιβαλλομένης απόφασης", "την επίδικη", "καθού εκκαλούντος", "τελεσιδικία της", "αρχικής διαδίκου", "αναίρεσης ισχυριζόμενο", "ένδικης διαφοράς", "εφετείου κερκύρας", "δικάσιμος για", "του αποβιώσαντος", "γνωματεύσεως της", "εκκαλούσας μετά", "της υποθέσεως", "αδικαιολόγητο προνόμιο", "πωλήσεως και", "αρεοπαγίτης ανέγνωσε", "κρινόμενη περίπτωση"], "20378_20120503_09_0002_miuEdit.txt": ["εφετείου θράκης", "ελλείψεως δικαιοδοσίας", "αρεοπαγίτης ανέγνωσε", "δικαστικών επιμελητών", "δικαστήρια εμειοψήφησαν", "αναιρέσεως οι", "εκκαθαρίσεως εκκρεμοτήτων", "των πρωτοδικείων", "κάθε διαδίκου", "την έννομη", "έκριναν τελεσιδίκως", "εδημιούργησαν την", "χαρίκλειας αντώνογλου", "αθανατσίκη του", "αποφαίνεται ότι", "εννόμου σχέσεως", "διάδικος παρεμβαίνων", "αδικαιολογήτου", "εστρέφετο κατά", "παπασαράντη προϊσταμένη"], "20379_20120508_09_0003_miuEdit.txt": ["εφετείου θράκης", "δικαιοδοσίας αποφατική", "ερημοδικίας των", "ελλείψεως δικαιοδοσίας", "αρεοπαγίτες δημήτριο", "αναιρέσεως της", "εκκρεμοδικίας ενώπιον", "ακυρώσεως εξαφανίσεως", "την επίδικη", "του αδικαιολόγητου", "αρεοπαγίτης ανέγνωσε", "επίμαχης πράξεως", "εκδοθείσες δικασπκές", "παραπεμπτικής αποφάσεως", "διαδίκους αεδ", "εκκαθαρίσεως εκκρεμοτήτων", "απορριπτέο ως", "ουσιαστικά αβάσιμες", "εννόμου σχέσεως", "επιληφθέντα αποσχόντα"], "20380_20121003_09_0004_miuEdit.txt": ["συμβάσεως ενήργησε", "δικαιοδοσίας εξαφανίζει", "αίτηση αναιρέσεως", "αιτουσης ανώνυμης", "εδημιουργήθη μεταξύ", "αυτού κατακυρώθηκε", "αποφατικής συγκρούσεως", "εσφαλμένως αποφάνθηκε", "οιαδήποτε επιρροή", "να εκδικάσουν", "διαταγής αιτούσα", "κυρωθέντος με", "επιχειρήσεως την", "αμφισβητουμένου ζητήματος", "μαριάνθη παπασαράντη", "023 262", "διαδίκους επειδή", "του αντισυμβαλλομένου", "επειδή κρινόμενη", "διευθύνουσα υπηρεσία"], "20381_20121212_09_0005_miuEdit.txt": ["τελεσιδικίας της", "δικασίμου επιδόθηκε", "αρεοπαγίτης ανέγνωσε", "αρεοπαγίτες μαρία", "δικαστικού επιμελητή", "δικαιοδοσίας για", "την επιδίκαση", "έννομης σχέσης", "επικρατείας αριστόβουλο", "του αρείου", "ενεχυρίασης και", "ου οφειλέτιδα", "έκριναν τελεσιδίκως", "εσφαλμένως αποφάνθηκε", "αλληλόχρεο λογαριασμό", "διαδικαστική πράξις", "αμφισβητούμενου ζητήματος", "διάδικοι παρίστανται", "παπασαράντη προϊσταμένη", "εξόφλησιν υπόλοιπον"], "20382_20130301_09_0001_miuEdit.txt": ["αναιρέσεως του", "αρεοπαγίτες γεώργιο", "διατάξεως ουσιαστικού", "επικρατείας ανέγνωσε", "απορριπτέα ως", "δικονομικού νόμου", "του μειοψήφησαν", "νικήσαντα διάδικο", "πρώτοις συνταγματικότητα", "του αρείου", "την παράνομη", "συνταγματικό έρεισμα", "αριστόβουλο γεώργιο", "και ευφημία", "παραπεμπτικής αποφάσεως", "αποφαίνεται ότι", "της υποθέσεως", "αδιακρίτως αμφοτεροβαρή", "μαριάνθη παπασαράντη", "κρινόμενη διάταξη"], "20383_20130912_09_0002_miuEdit.txt": ["αναίρεσης της", "ελλείψεως δικαιοδοσίας", "αναιρέσεως του", "ενδίκου βοηθήματος", "αναιρέσεως ενώπιον", "γραμματέως τετριμίδα", "αδικοπραξιών διατάξεις", "αρχικής δικασίμου", "την έννομη", "κρινομένης αιτήσεως", "του αδικαιολόγητου", "προσεπίκληση της", "συνταγματικών διατάξεων", "τελεσίδικες αμετάκλητες", "ασφαλίσεως αναβιώνει", "εφετείου τριπόλεως", "δικαστηρίου ενενηκονθήμερη", "αρεοπαγίτες δημήτριο", "αποφαίνεται ότι", "προαναφερόμενα δικαστήρια"], "20384_20140214_09_0001_miuEdit.txt": ["μονομελούς πλημμελειοδικείου", "ελλείψεως δικαιοδοσίας", "πενταμελούς εφετείου", "αντιπροέδρων αριστόβουλο", "δικασίμου επιδόθηκε", "καταδικαστικής του", "διοικητικά πρωτοδικεία", "ποινικών υποθέσεων", "αρεοπαγίτης ανέγνωσε", "δικαιοδοσίας αποφατική", "αναιρέσεως της", "δικονομικώς απών", "αρεοπαγίτη ειρήνη", "και ελεγκτικού", "αναπληρωματικών μελών", "στυλιανής γιαννούκου", "επιδίκαση αποζημίωσης", "γιαννακόπουλου τακτικού", "κρινόμενη αίτηση", "επιληφθέντα αποσχόντα"], "20385_20150415_09_0001_miuEdit.txt": ["αποφάσεις αναιρεσίβλητοι", "τελεσιδικίας των", "δικάσαντος εφετείου", "του δικάσαντος", "εφετειακών αποφάσεων", "δικογράφου κατατιθεμένου", "τούτων άρειος", "εκπονήσεως της", "κρινομένης αιτήσεως", "δικονομίας 2717", "αρεοπαγίτης ανέγνωσε", "απορριπτέα ως", "λοιπούς διαδίκους", "και προσέδωσαν", "ίδιες αγωγές", "τις διατάξεις", "προσκομισθείσες 3710γ", "παπασαραντη αριθ", "ανελάμβαναν και", "φλεμινγκ εξ"], "20386_20160729_09_0001_miuEdit.txt": ["εφετείου κομοτηνής", "δικασίμου αντίγραφον", "δικάσιμος της", "ελλείψεως δικαιοδοσίας", "δικογράφου κατατιθεμένου", "διαδίκου εντός", "απορριπτική της", "ικαστηρίου κρίνασαι", "μέλους αρεοπαγίτες", "του αρείου", "αμφισβητήσεως δημοσιεύεται", "αντισυνταγματικής αναδρομικώς", "συνεδρίου κωλυομένου", "ιοικητικής ικονομίας", "αντιπροέδρων ιωάννη", "επικρατείας ανέγνωσε", "πληρεξουσίας δικηγόρου", "και αρχιτεκτονικών", "τσαλαγανίδη αναπληρωματικό", "αλληλεγγύως και"], "20387_20170720_09_0001_miuEdit.txt": ["αναιρέσεως περί", "μονομελούς εφετείου", "εφετείου εκδικάσθηκαν", "δικάσαντος δικαστηρίου", "δικαστικώς επιδιώξιμη", "τελεσιδικίας των", "ελλείψεως δικαιοδοσίας", "της εκκαλούσας", "δικαιοδοτικής λειτουργίας", "εφετείο τριπόλεως", "κρινομένης αιτήσεως", "διαδίκους επειδή", "δικάσιμος στις", "εκδικάσουν την", "ορισθέντος διαιτητικού", "αναιρεσείουσα ισχυρίσθηκε", "άρση αμφισβητήσεως", "απορριπτέος ως", "του εισνκπολδ", "ως αδικαιολόγητο"], "20388_20180920_09_0001_miuEdit.txt": ["αρεοπαγίτες αντώνιο", "δικάσιμος της", "τελεσιδικίας των", "τελεσιδικίας 501022", "αρεοπαγίτης ανέγνωσε", "τσαλαγανίδη αναστασάκου", "δικαστικού επιμελητή", "του αρείου", "εφετείου τριπόλεως", "ζητήματος δικαιοδοσίας", "τριτανακοπής ισχύουν", "επομένως αναφύεται", "την ερημοδικία", "τον αδικαιολόγητο", "επικρατείας ιωσήφ", "προεδρεύοντα κωλυομένων", "ολομελειών υπ", "αντιπροέδρων ιωάννη", "άρση αποφατικής", "και εξαιρεσίμους"], "20389_20190619_09_0001_miuEdit.txt": ["του ειρηνοδίκου", "ελλείψεως δικαιοδοσίας", "τελεσιδικίας των", "αναιρέσεως της", "ακυρώσεως εξαφανίσεως", "εκδόσεως αντιφατικών", "προσωρινής έννομης", "εκκρεμοδικίας ενώπιον", "ακυρώσεως ασκηθείσα", "και εγγυήτριας", "ένδικης διαφοράς", "αρεοπαγίτες τακτικά", "της προσφυγής", "καταλογιστικής πράξεως", "επισπεύδοντος την", "άρση αποφατικής", "αρεοπαγίτης ανέγνωσε", "κατασχετηρίου και", "απορριπτέος ως", "δικαστικός επιμελητής"], "20390_20190712_09_0002_miuEdit.txt": ["μονομελούς εφετείου", "τελεσιδικίας των", "αναιρέσεως της", "ακυρωτική αρμοδιότητα", "έννομης σχέσης", "αρεοπαγίτης ανέγνωσε", "αρεοπαγίτες τακτικά", "την επίδικη", "προαναφερθείσας εκτάσεως", "αναιρεσίβλητου σωματείου", "και αρείου", "καλογεροπούλου εισηγήτρια", "σακελλαροπούλου ιωσήφ", "απορριπτικής ενδικοφανούς", "αφαίρεσιν από", "απορριπτέος ως", "τον αδικαιολόγητο", "σαλίχος αρεοπαγίτης", "διατέλεσε διάδικος", "που προαναφέρθηκαν"], "20391_20200909_09_0001_miuEdit.txt": ["της απορριπτικής", "της προσφυγής", "ανακαλέσει αποφάνθηκαν", "αναιρέσεως ενώπιον", "δικηγόρους γλυκερία", "σακελλαροπούλου ιωσήφ", "διαιτητικού δικαστηρίου", "δικογράφου κατατιθεμένου", "παράλληλων δικαιοδοτικών", "απαλλοτριώθηκε υπέρ", "ενήργησαν υπερβαίνοντας", "στενώς ερμηνευτέες", "αντιστρατευόταν ευθέως", "λοιπούς διαδίκους", "πράξεως ορισμού", "ουσιαστικής συνταγματικότητας", "νομοτύπως και", "διαδικαστικό προστάδιο", "προεδρεύων αντιπρόεδρος", "ελλείψεως εννόμου"], "20392_20200909_09_0002_miuEdit.txt": ["αρεοπαγίτης ανέγνωσε", "διαιτητικού δικαστηρίου", "σακελλαροπούλου ιωσήφ", "αναιρέσεως ενώπιον", "της απορριπτικής", "αρεοπαγίτες χριστίνα", "δικογράφου κατατιθεμένου", "δικαστικού επιμελητή", "προεδρεύοντα κωλυομένου", "απορριπτέα τα", "ουσιαστικής συνταγματικότητας", "μέλους μαριάνθης", "τσαλαγανίδη αντιπρόεδρο", "διαδικαστικό προστάδιο", "πληρεξουσίας δικηγόρου", "αντιπροέδρων ιωάννη", "παραλλήλων δικαιοδοτικών", "επικρατείας αβροκόμη", "τακτικό μέλος", "αμετάκλητες δικαστικές"]}