{"20324_20090218_08_0001_miuEdit.txt": ["νικόλαος αναγνωστόπουλος", "κωνσταντίνος παπαθανασόπουλος", "δημήτριος λαμπρόπουλος", "κωνσταντίνος δημόπουλος", "αντωνιου δεληγιαννη", "κωνσταντίνος γεωργακόπουλος", "ζαφειρόπουλος δημήτριος", "δήμος θεσσαλονίκης", "εμμανουήλ λαμπρόπουλος", "θεοδωρακόπουλος του", "γκατζηγιάννη 4918", "αρμαε 15417", "δήμου μάνδρας", "ελληνικό 167", "17141 πληρεξουσιος", "αθηνών 16311", "040181870 πληρεξουσιος", "15125 προϊοντα", "αλεξάνδρου 412", "magenlom 153057"], "20325_20090324_08_0002_miuEdit.txt": ["νικόλαος ρουσσόπουλος", "ελληνικος συλλογος", "επωνυμία ελληνικος", "δημήτριος σταυρόπουλος", "αθηνών δεληγιάννη", "κωνσταντίνος γεωργακόπουλος", "δήμος θεσσαλονίκης", "πανουτσόπουλος κυρίλλου", "αρσενικος αντωνιος", "γεώργιος ανδριανόπουλος", "σταυρόπουλος γρανίκου", "χαρίτων σταυρόπουλος", "τσαρμπόπουλος στρατηγού", "θεοδωρόπουλος υψηλάντου", "αντωνιαδου πάρνηθος", "μαρκόπουλος χρ", "χατζημιχαλη 196953", "κωστακόπουλος ακαδημίας", "παρασκευοπούλου 127", "ελληνικός δείκτης"], "20326_20090525_08_0004_miuEdit.txt": ["αριθμός σήματος", "αναφέρεται σήμα", "μέτρηση σηματοδότησης", "σηματοδότησης έλεγχου", "αριθμός κατάθεσης", "σηματοδότησης ελέγχου", "μέτρησης σηματοδότησης", "σήμα νοείται", "το σήμα", "σηματος αριθμός", "μετρήσεως σημάνσεως", "αυτόματης καταγραφής", "αριθμός που", "σταθμίσεως μετρήσεως", "σήματος 673417", "αριθμοί γράμματα", "δσα 24352", "σήματος 35233", "σφυγμομετρήσεων οργάνωση", "της έκθεσης"], "20327_20090429_08_0003_miuEdit.txt": ["15124 πληρεξουσιος", "41002 πληρεξουσιος", "δημοσθένης τριανταφυλλίδης", "15351 πληρεξουσιος", "24916 δρόση", "159454", "159454 απεικ", "τριανταφυλλίδης του", "πετρόπουλος 26887", "αμδσα 15449", "αμδσπ 3114", "χαραλαμπόπουλος αλέξιος", "153306 ημ", "15351 προϊοντα", "80154 δια", "σαλονι 197335", "10434 προϊοντα", "ζέβρα 192529", "φραγκογιάννη 34", "11525 πληρεξουσιος"], "20328_20090701_08_0005_miuEdit.txt": ["αριθμός σήματος", "αναφέρεται σήμα", "μετρήσεως σηματοδότησης", "δεδομένων σημάτων", "αριθμός κατάθεσης", "σηματοδότησης ελέγχου", "μέτρησης σηματοδότησης", "σήμανσης ελέγχου", "σήμα νοείται", "μετρήσεως σήμανσης", "μετρήσεως σημάνσεως", "αυτόματης καταγραφής", "αριθμός που", "σταθμίσεως μετρήσεως", "35164 σήματος", "αρίθμισης τκ", "δσα 18239", "εγγραφής αριθμομηχανές", "δσα 19939", "της έκθεσης"], "20329_20090721_08_0006_miuEdit.txt": ["15124 προϊοντα", "αμδσα 19745", "16674 πληρεξουσιος", "κωνσταντίνος θεοδωρόπουλος", "κωνσταντίνος ευθυμιακόπουλος", "αλέξιος στεφανάκης", "19003 πληρεξουσιος", "17122 πληρεξουσιος", "νικόλαος ανδρικόπουλος", "19009 πληρεξουσιος", "197420 ημ", "11475 προϊοντα", "159865 απεικ", "15125 πληρεξουσιος", "αμδσα 19701", "zonixol 153427", "41002 πληρεξουσιος", "pastavera 196998", "ελληνικη βιοτεχνια", "ελληνικός δείκτης"], "20330_20090903_08_0007_miuEdit.txt": ["αριθμός σήματος", "αναφέρεται σήμα", "αριθμός κατάθεσης", "σηματοδότησης ελέγχου", "μέτρησης σηματοδότησης", "σταθίσεως μετρήσεως", "σήμανσης ελέγχου", "αριθμος καταθεσης", "σήμα νοείται", "το σήμα", "σηματος αριθμός", "μετρήσεως σημάνσεως", "αυτόματης καταγραφής", "τους μετρητές", "σήματος 35631", "σήματος 971871", "εγγραφής αριθμομηχανές", "καταμέτρησης και", "αλατόμετρα κανόνες", "της έκθεσης"], "20331_20090924_08_0008_miuEdit.txt": ["αμδσα 19767", "19003 πληρεξουσιος", "θεοδωροπουλος 199579", "19009 πληρεξουσιος", "15774 πληρεξουσιος", "19004 πληρεξουσιος", "αθήνα 11855", "19767 προϊοντα", "αμδσα 15870", "17124 πληρεξουσιος", "19450 προϊοντα", "athens 199682", "19016 πληρεξουσιος", "16341 προϊοντα", "196320 hm", "193420 hm", "199728 hm", "191889", "198491 hm", "εμμανουήλ ελευθερόπουλος"], "20332_20091030_08_0009_miuEdit.txt": ["κωστόπουλος 20020", "αμδσα 25529", "αναστάσιος ελευθερόπουλος", "αμδσα 14626", "αμδσπ 2475", "13231 πληρεξουσιος", "27874 δροσοπούλου", "καραπαγιαννίδου λυκαβηττού", "ελευθερόπουλος του", "234", "3280 δραγάτση", "αμδσα 25265", "δήμου κασσάνδρας", "αμδσπ 3280", "φραγκογιάννη 34", "αμδσα 23535", "12243 πληρεξουσιος", "68002 πληρεξουσιος", "παπανδρέου 194", "4623"], "20333_20091201_08_0010_miuEdit.txt": ["φώτιος αναστασόπουλος", "παπασταθόπουλος αλέξανδρος", "κωνσταντίνος αναστασόπουλος", "αναστασόπουλος μέρλιν", "κωνσταντόπουλος πατησίων", "σταθόπουλος μετσόβου", "κωνσταντίνος λαμπρόπουλος", "κυριακίδης του", "γιαννικοπούλου τουκρατζή", "δημήτριος κανελλόπουλος", "ασημακόπουλος διονύσιος", "καλογερόπουλος πατησίων", "αλέξιος ρουσσόπουλος", "διονυσόπουλος του", "μιχαλόπουλος του", "απόστολος καραγιάννης", "δήμου ελλησπόντου", "23199 δραγατσανίου", "αμδσα 19326", "15205 πληρεξουσιος"], "20334_20091231_08_0012_miuEdit.txt": ["κωνσταντίνος θεοδωρόπουλος", "νικόλαος ανδρικόπουλος", "παπασταθόπουλος αλέξανδρος", "σταθόπουλος μετσόβου", "νικόλαος μανιατόπουλος", "παπαρηγοπούλου θεσσαλονίκη", "αποστολόπουλος βαλαωρίτου", "αποστολόπουλος του", "15124 πληρεξουσιος", "τριανταφυλλόπουλος του", "δημήτριος κωστάκης", "νίκος σταθόπουλος", "σίνδος θεσσαλονίκης", "17122 πληρεξουσιος", "16673 πληρεξουσιος", "αμδσα 15438", "16777 πληρεξουσιος", "εκδόσεις πολυμέσων", "κωστακόπουλος ακαδημίας", "οι ελληνιδες"], "20335_20091231_08_0011_miuEdit.txt": ["αριθμός σήματος", "αναφέρεται σήμα", "βενιζέλου αριθμός", "αριθμός κατάθεσης", "σηματοδότησης ελέγχου", "μέτρησης σηματοδότησης", "πρότυπα νούμερα", "σήμανσης ελέγχου", "σήμα νοείται", "μετρητές έκθεσης", "λειτουργεί προσδιορισμός", "σήματος 980169", "μετρήσεως σημάνσεως", "αυτόματης καταγραφής", "εμβαδόμετρα μετροτράπεζες", "σταθμίσεως μετρήσεως", "γραφείο κανόνας", "ακριβείας ορόσημα", "σφυγμομετρήσεων οργάνωση", "μέτρησης ohm"], "20336_20100318_08_0001_miuEdit.txt": ["αριθμός σήματος", "δεδομένων σήματος", "αναφέρεται σήμα", "μέτρηση σηματοδότησης", "αριθμός κατάθεσης", "σηματοδότησης ελέγχου", "μέτρησης σηματοδότησης", "ρύθμισης μετρητές", "σήμανσης ελέγχου", "μετρητές έκθεσης", "τεκμηρίωση μέτρησης", "μετρήσεως σημάνσεως", "αυτόματης καταγραφής", "αριθμολαχείο", "μετρητών έντυπη", "το δείκτη", "σήματος 35375", "αριθμητήρια ταχίμετρα", "εγγραφής αριθμομηχανές", "μέτρησης ohm"], "20337_20100413_08_0002_miuEdit.txt": ["active 194167", "αναγνωστοπούλου 51", "32011 πληρεξουσιος", "νικόλαος παπαζαφειρόπουλος", "απόστολος ανδρεαδης", "αθανασία δραγατσανίου", "27874 δροσοπούλου", "δροσοπούλου 17", "57011 πληρεξουσιος", "194167 hm", "8510 προϊοντα", "15617 παπαρρηγοπούλου", "197258 hm", "αθηνών 20707", "όθωνος 58", "ζωη", "63 πληρεξουσιος", "202199 hm", "live active", "human 202445"], "20338_20100503_08_0003_miuEdit.txt": ["σταματελόπουλος φειδίου", "κωνσταντίνος αλεξανδρόπουλος", "δημήτριος σταθακόπουλος", "κωνσταντίνος θεοδωρόπουλος", "νικόλαος ανδριανόπουλος", "σταθακόπουλος του", "δημήτριος σωτηρόπουλος", "νικολόπουλος του", "νικόλαος σταθόπουλος", "ανδριανόπουλος του", "δημήτριος αντωνόπουλος", "δημήτριος παπαγγελόπουλος", "ιωάννης λυμπερόπουλος", "αθ χριστόπουλος", "δήμου βουπρασίας", "σίνδος θεσσαλονίκης", "αλέξανδρος μαρκόπουλος", "δήμος θεσσαλονίκης", "δημ σταματελόπουλος", "15124 πληρεξουσιος"], "20339_20100618_08_0004_miuEdit.txt": ["δρακόπουλος του", "ανδρέας δρακόπουλος", "ανδρικόπουλος κυπαρισσίας", "φώτιος σταθόπουλος", "δημήτριος κωστόπουλος", "κυριακίδης του", "δημήτριος σταθόπουλος", "αλέξανδρος τερζόπουλος", "γιαννόπουλος κατεχάκη", "δήμου καλλιθέας", "ανδρουτσόπουλος αλεξάνδρας", "κωνσταντίνος φωτεινόπουλος", "μερτζιανίδης του", "δημήτριος θεοδοσόπουλος", "παπαρρηγοπούλου 114", "ιωάννης κωστόπουλος", "πετλιάκης καλογιαννίδης", "δήμου ιεράπετρας", "γρηγόριος τριανταφυλλίδης", "εκδόσεις πολυμέσων"], "20340_20100618_08_0005_miuEdit.txt": ["αναγνωστόπουλος 13194", "νειαδας φαρμακευτικη", "παπαρρηγοπούλου 26434", "αλέξανδρος κωστόπουλος", "δημοσθένης κορδελλίδης", "χατζημιχαήλ μυτιλήνη", "γιαννοπουλου τριβωνιάνου", "αναγνωστοπούλου 51", "εταιρεία όθωνος", "φαρμα εταιρεία", "αναγνωστόπουλος", "δροσοπούλου αρ", "21048 φωκυλίδου", "με οπτιφαρμ", "γιαλαμας", "με ειδική", "εμφιαλωσεως ανωνυμος", "έρευνας ιατρικές", "οπτιφαρμ ιωνίας", "praxis 205104"], "20341_20100809_08_0006_miuEdit.txt": ["θεμιστοκλής νικολετόπουλος", "κωνσταντίνος παπαντωνόπουλος", "νικόλαος ανδρικόπουλος", "δημήτριος αναστασόπουλος", "δημήτριος νικολακόπουλος", "νικολετόπουλος του", "δημήτριος κωνσταντόπουλος", "κωνσταντίνος θεοδωρόπουλος", "γιαννακόπουλος δαρδανελλιων", "δημήτρης παπασταθόπουλος", "κυριακόπουλος ακαδημίας", "σταθόπουλος μετσόβου", "καλογερόπουλος σεπτεμβρίου", "θεμιστοκλής γιαννακόπουλος", "γιαννακόπουλος δαρδανελλίων", "δημήτριος κανελλόπουλος", "σαραντόπουλος του", "σταματελόπουλος φειδίου", "ανδρικόπουλος 15706", "δικαιουχος ελληνική"], "20342_20101108_08_0009_miuEdit.txt": ["206949 απεικ", "54013 πληρεξουσιος", "093667903 χωρα", "2520147 χωρα", "73006 πληρεξουσιος", "207199 ημ", "11635 πληρεξουσιος", "55133 πληρεξουσιος", "969103", "ca 92127", "μιχαηλ 05182628", "ba2009c000051", "65302 πληρεξουσιος", "84121 πληρεξουσιος", "32009 πληρεξουσιος", "αριθμ κατάθεσης", "αριθμός σήματος", "829α 2010", "ημερομηνία 200269", "μετρητές μετρονόμοι"], "20343_20101006_08_0007_miuEdit.txt": ["κωνσταντίνος θεοδωρόπουλος", "φώτιος αναστασόπουλος", "γιαννοπούλου βησσαρίωνος", "δεληγιάννη πληρεξουσιος", "αθανασίου παπαγιαννόπουλος", "κωστοπούλου νικόλαος", "σακελλαρόπουλος του", "νικολακόπουλος τζώρτζ", "χριστοδουλάτος δραγατσανίου", "αναγνωστόπουλος του", "νικόλαος σακελλαρόπουλος", "δροσιά μαριολοπούλου", "χανδρίδης του", "εμμανουήλ τζωρακολευθερακης", "usa πληρεξουσιος", "γιαννακάκης δικηγόρος", "παναγιωτόπουλος 16717", "δικηγορος τζίφας", "152907 αφμ", "απόφαση 154243"], "20344_20101008_08_0008_miuEdit.txt": ["αρμαε 15417", "αμδσα 15455", "15127 πληρεξουσιος", "αικατερίνη εμμανουηλίδου", "15124 πληρεξουσιος", "νίκος σταθόπουλος", "εκδόσεις πολυμέσων", "σταθόπουλος μετσόβου", "θεσσαλονίκη 54635", "χατζημιχαήλ 2353", "10680 δια", "αμδσα 19694", "αφμ 123457522", "χλμ θεσσαλονίκης", "αρμαε 33534", "11743 αθήνα", "11475 προϊοντα", "168588 hm", "σια 206850", "κυριακού αριθμ"], "20345_20101213_08_0010_miuEdit.txt": ["εκδόσεις βιβλιοδεσίες", "εκδόσεις πολυμέσων", "κυριακόπουλος ακαδημίας", "κωνσταντίνος αναγνωστόπουλος", "βιβλιοδεσίας κλασεις", "δήμου ληλαντίων", "δήμου κερατέας", "χριστοφιλόπουλος αναστάσιος", "δρακόπουλος δικηγορική", "κυριακίδης του", "δεληγιάννη πληρεξουσιος", "αναστόπουλος του", "χειρός δρεπάνια", "δημήτριος χαλβατζιδόπουλος", "αλέξανδρος παπασταθόπουλος", "γιαννακοπολος ακαδημίας", "αναγνωστόπουλος", "για έγγραφα", "χειρός εγγραφείς", "αργυρόπουλος 20475"], "20346_20101231_08_0011_miuEdit.txt": ["εταιρεία όθωνος", "μιντζηρας εταιρεια", "κερδοσκοπικου χαρακτηρα", "γιαννόπουλος του", "σαμουρκάσογλου του", "εμπορική εταιρεία", "εταιρία αρχοντουλα", "γκουροβανίδης του", "αμδσα 20044", "εταιρεια εμποριου", "αμδσα 25729", "βαγιανού κοστοπούλου", "μιχαήλ κοσμόπουλος", "δικαιουχος εμπορικη", "indonesia πληρεξουσιος", "δικαιουχος ποτοποιια", "14017 μιχαλακοπούλου", "πιπερόπουλος 412", "ελληνικη βιομηχανια", "tobacco trading"], "20347_20101231_08_0012_miuEdit.txt": ["δήμου μάνδρας", "195548 ημ", "12541 δραγατσανίου", "σταθόπουλος του", "swaz 195548", "αμδσα 31973", "εκδόσεις πολυμέσων", "δήμος θεσσαλονίκης", "αμδσθ 5585", "usa πληρεξουσιος", "νικόλαος σταυρόπουλος", "αικατερίνη εμμανουηλίδου", "χλμ θεσσαλονίκης", "31973 σεπτεμβρίου", "χατζηγιάννη μέξη", "57010 πληρεξουσιος", "αθήνα 153759", "207517 απεικ", "τζοζεφ 28ης", "αμδσα 19411"]}