{"20348_20000223_09_0001_miuEdit.txt": ["δικαστήρια ανεκκλήτως", "δικαστικήν επίλυσιν", "προαναφερόμενα δικαστήρια", "δικαστηρίων σύμφωνα", "δικαστηρίου διαδικασία", "τα δικαστήρια", "δικαστηρίων διαδικασίας", "δικαστήρια μεταξύ", "του δικαστηρίου", "αρμοδίου δικαστηρίου", "δικαστήριο στη", "δικαστηρίων αφ", "δευτεροβάθμια δικαστήρια", "δικαστήρια έκριναν", "1991 δικαστική", "1976 δικαστική", "δικαστικές αποφάσεις", "αιτηση ελληνικού", "αποφάσεις 1014", "νόμων 1505"], "20349_20000223_09_0002_miuEdit.txt": ["συγκρούσεως δικαιοδοσίας", "σύγκρουση δικαιοδοσίας", "σύγκρουσης δικαιοδοσίας", "τις διατάξεις", "2086 και", "άρθρων 38", "αποφάσεις 2976", "της νομοθεσίας", "3273 1996", "επικρατείας 2992", "άρθρο 58", "οι νόμιμες", "απόφαση 1999", "προαναφερθείσης 4242", "23 1999", "1996 αγωγή", "συνταγματικές διατάξεις", "1976 δικαιοδοσία", "αποφάσεως 1448", "εκδόσεως αντιφατικών"], "20350_20000225_09_0003_miuEdit.txt": ["αντισυνταγματικότητα διατάξεως", "του συντάγματος", "διατάξεις 73", "συνταγματική καθό", "συντάγματος των", "συνταγματική", "76 δικαιοδοσία", "ολοκληρίαν αντισυνταγματική", "αντισυνταγματική το", "αποφάσεις 979", "αποφάσεως 1185", "αποφάσεις 2686", "νόμου 345", "1976 πληρεξουσιότητα", "άρθρο 246", "προαναφερθείσες νομικές", "ερμηνεύθηκαν διατάξεις", "διοικητικού δικαστηρίου", "άρθρο 26", "553 1995"], "20351_20000225_09_0004_miuEdit.txt": ["νόμων 1505", "νόμου 1983", "1983 αμφισβήτηση", "1974 αμφισβήτηση", "1976 δικαιοδοσία", "1983 πράξη", "1979 νόμιμης", "1995 πράξης", "διατάξεις δικαιοδοσία", "1694 1987", "συναφούς νομοθετήματος", "οι διατάξεις", "άρθρων 66", "συνταγματική διάταξη", "νόμου 993", "702 1997", "1995 αποφάσεις", "1967 απόφαση", "απόφαση 1013", "δικαστηρίου συζήτησιν"], "20352_20000225_09_0005_miuEdit.txt": ["σύγκρουσης δικαιοδοσίας", "σύγκρουση δικαιοδοσίας", "συγκρούσεως δικαιοδοσίας", "κανόνα δικαίου", "αντισυνταγματικότητα την", "αντισυνταγματικά και", "του διατάγματος", "δημοσίου δικαίου", "δικαιοδοσίας αντίθετα", "σύνταγμα αρμοδιότητα", "άρθρο 177", "ύπαρξης δικαιοδοσίας", "νομικό ζήτημα", "άρθρο 28", "κοινοτικού δικαίου", "συντάγματος 30", "το συμβούλιο", "απόφαση 4906", "1968 διάταγμα", "διάταγμα ανακλήθηκε"], "20353_20000225_09_0006_miuEdit.txt": ["1993 αποφάσεων", "προεδρικού διατάγματος", "απόφαση 1121", "άρθρων 215", "άρθρο 934", "του συντάγματος", "συντάγματος εκδίκαση", "αποφάσεως 1997", "άρθρο 345", "αντισυνταγματική παρά", "άρθρο 202", "άρθρο 75", "απόφαση 1013", "δικαίου 204", "άρθρου 1406", "345 1976", "αποφάσεων 483", "1999 πρόεδρος", "διάταξης εκδόθηκε", "διατάξεις συμβατικοί"], "20354_20000225_09_0007_miuEdit.txt": ["άρθρο 37", "άρθρο 914", "απόφασιν 544", "διατάξεις κρίθηκε", "αποφάσεων 2233", "άρθρα 914", "1999 αποφάσεως", "544 1999", "αποφάσεως 127", "άρθρου 43", "1999 παραπεμπτική", "1955 άρθρο", "345 1976", "1999 αίτηση", "14073 1999", "1987 απόφαση", "προηγούμενων διατάξεων", "αίτηση αναίρεσης", "αντισυνταγματικότητα την", "συζήτησις εκκρεμούσης"], "20355_20010329_09_0001_miuEdit.txt": ["σύγκρουσης δικαιοδοσίας", "σύγκρουση δικαιοδοσίας", "ζητήματος δικαιοδοσίας", "διατάξεις έκρινε", "συνταγματικές διατάξεις", "ουσιαστική αντισυνταγματικότητα", "επίδικη αμφισβήτηση", "συνταγματικά λόγω", "οι διατάξεις", "επιτρεπτή συνταγματικά", "διατάξεις έχουν", "ανωτέρω διατάξεις", "προνομιακές απαιτήσεις", "αντισυνταγματική παράγραφος", "δημοσίου δικαίου", "ελλείψεως δικαιοδοσίας", "απόφασης 2001", "επιτροπής αναστολών", "απόφασης 186", "άρθρ 61"], "20356_20011105_09_0002_miuEdit.txt": ["συγκρούσεως δικαιοδοσίας", "σύγκρουση δικαιοδοσίας", "σύγκρουσης δικαιοδοσίας", "δικαστήρια ανεκκλήτως", "δικαστηρίων άρθρα", "καταθέσεως δικαστικά", "δικαστήρια άρθρο", "αστικό δίκαιο", "δικαίου εκπλήρωση", "πολιτικής δικονομίας", "πολιτικά δικαστήρια", "έννομες σχέσεις", "εκδίκαση ένδικων", "τη δικαιοδοσία", "νομικού συμβουλίου", "συνταγματικότητα των", "άρση συγκρούσεων", "διαδικαστικαί διατάξεις", "διατάγματος 1041", "άρθρα 61"], "20357_20020207_09_0001_miuEdit.txt": ["σύγκρουσης δικαιοδοσίας", "συμβουλίου επικρατείας", "σύγκρουση δικαιοδοσίας", "διατάγματος συνεπεία", "νομικού συμβουλίου", "αποφάσεων 1511", "ζητήματος δικαιοδοσίας", "αμφισβήτησης σύμφωνα", "άρθρο 583", "δικονομίας αμφισβήτηση", "ουσιαστικού δικονομικού", "διοικητικής επιτροπής", "αποφάσεις 1730", "απόφαση δικαιοδοτούντος", "διαδικαστικαί διατάξεις", "διατάξεων νόμων", "απόφαση 1178", "νόμο διοικητικής", "1965 αμφισβήτηση", "ανακοπές συνεκδικάστηκαν"], "20358_20030303_09_0001_miuEdit.txt": ["σύγκρουση δικαιοδοσίας", "συγκρούσεως δικαιοδοσίας", "δικαστηρίου κρίσεις", "νομικά ζητήματα", "δικαστηρίων άρθρ", "δικαστηρίου αποφασεις", "επίλυση νομικού", "δικαστηρίων αποφατική", "δικαστηρίων νομοθετικά", "δικαστηρίων παρέπεμψε", "δικαστηρίων κρίθηκε", "δικαστηρίων συγγράμματα", "δικαστηρίου ζητήματος", "δικαίου συναφή", "συγκρούσεων μεταξύ", "πολιτικά δικαστήρια", "περιεχόμενο νομολογία", "δικαίου διαφορές", "δικονομίας 2717", "δικονομίας κατά"], "20359_20030926_09_0002_miuEdit.txt": ["διεθνούς δικαίου", "νόμων 2078", "νόμων άρθρο", "νομοθ διατάγματος", "χαρακτηρισμό κανόνων", "διατάξεις ορίζονται", "οι διατάξεις", "διατάξεις διορίσθηκαν", "νομικών διατάξεων", "ανωτέρω διατάξεις", "δικονομίας 2717", "τυπικών νόμων", "της νομοθεσίας", "συνταγματικές διατάξεις", "δικαίου οικουμενικόν", "άρθρου 218", "πράξη κανονισμού", "σύγκρουση δικαιοδοσίας", "νομίμως συζητήθηκε", "αποφάσεων 175"], "20360_20040128_09_0001_miuEdit.txt": ["επιδικάσεως δικαστικής", "πολιτικά δικαστήρια", "του δικαστικού", "του δικαστηρίου", "τα δικαστήρια", "διοικητικά δικαστήρια", "των δικαστηρίων", "τους δικαστές", "δικαστήρια πρωτοβάθμια", "δικαστηρίου καραμανώφ", "δευτεροβάθμια δικαστήρια", "δικαστήριο όργανο", "δικαστηρίου κατάθεση", "λοιπών δικαστηρίων", "παραπέμψαντος δικαστηρίου", "δικαστήρια έκριναν", "ανώτερον δικαστήριον", "περίπτωση επιδικάσεως", "συνταγματικήν τάξιν", "αποφάσεις 7171"], "20361_20050223_09_0001_miuEdit.txt": ["δικονομίας 2717", "κώδικος 2004", "δικαστήρια άρθρο", "δικαστηρίων 2004", "δικαστήριον άρθρ", "δικαστηρίων άρθρ", "άρθρου 584", "επιδικάσεως δικαστικής", "αθηνών ένδικο", "δικαστηρίων εκδοθείσες", "αποφάσεις 6649", "άρθρου 61", "άρθρων 60", "δικαστηρίου κώδικας", "αποφάσεις 5494", "διατάξεις κρίνοντάς", "της νομοθεσίας", "συγκρούσεως δικαιοδοσίας", "παρόντος διατάγματος", "1976 αμφισβήτηση"], "20362_20050706_09_0002_miuEdit.txt": ["αποφάσεις 17975", "1976 αμφισβήτηση", "αμφισβητήσεως διατάξεων", "αποφάσεως 653", "σύγκρουση δικαιοδοσιών", "αμφισβήτηση δέχθηκε", "εκδόθηκε απόφαση", "ανωτέρω διατάξεων", "1999 αποφάσεως", "ανωτέρω αποφάσεις", "άρθρ 131", "2003 απόφασή", "κανονιστική απόφαση", "δικαιοδοσιών έκριναν", "άρθρο 47", "συμβουλίου επικρατείας", "διατάξεις εξουσιοδότηση", "νόμο άρθρα", "σύμφωνες κατά", "πάγος απέρριψε"], "20363_20060208_09_0001_miuEdit.txt": ["δικαστηρίου συγκρούσεως", "2005 προσφυγή", "απόφαση 2626", "επιδικάσεως δικαστικής", "2626 2005", "αποφάσεις 8462", "δικαστικές αποφάσεις", "περίπτωση επιδικάσεως", "2005 απόφασή", "συγκρούσεων δικαιοδοσίας", "έφεση αποφάσεις", "2003 απόφαση", "αποφάσεις εκδοθείσες", "2005 εισαγγελείς", "1633 2002", "αποφάσεις 1771", "2004 αγωγή", "2005 συνεδρίασής", "διαχείρισης ελληνικών", "άρθρων 624"], "20364_20060725_09_0002_miuEdit.txt": ["αναφερθείσας διατάξεις", "νομικού συμβουλίου", "οι διατάξεις", "προαναφερθείσες διατάξεις", "συνταγματικά κατοχυρωμένην", "νομοθετικής διατάξεως", "δικαστικού συμβουλίου", "νομικών διατάξεων", "συγκρούσεως δικαιοδοσίας", "δικαίου υπήχθη", "προπαραθεισών διατάξεων", "νόμος δοθέντος", "ανπσυνταγματικότητα", "επικρατείας ελεγκτικού", "του συμβουλίου", "1997 απόφαση", "νομίμως συζητήθηκε", "δικαστηρίου δημοσιεύθηκε", "άρθρο 16", "άρθρον 55"], "20365_20070223_09_0001_miuEdit.txt": ["νόμου μειοψήφισαν", "των δικονομικών", "προαναφερθείσες διατάξεις", "του συντάγματος", "αποφάσεις 1155", "δικαίου ανήγετο", "οι διατάξεις", "πολιτικής δικονομίας", "παροχή νομικής", "νόμου 345", "παρόντος νόμου", "νόμου άρθρ", "αντισυνταγματικότητα", "στη δικαιοδοσία", "δικαστικώς προσδιορισθείσας", "άρθρου 263α", "κώδικα δικηγόρων", "2677 2003", "ελεγκτικού συνεδρίου", "διοικήσεως 2006"], "20366_20070516_09_0002_miuEdit.txt": ["δικαστηρίου διόρθωση", "αποφασεις διόρθωση", "αποφασεις διορθωσεις", "δικαστηρίου αποφασεις", "διορθωσεις σφαλματων", "διόρθωση σφάλματος", "ειδικού δικαστηρίου", "σφάλματος στην", "2006 απόφαση", "δικαστηρίου άρση", "805 2006", "διορθωσεις", "σφαλματων", "δικαστηρίου", "τροποποιήθηκε", "τροποποιήθηκε με", "κάτω διόρθωση", "2677 2003", "περιεχομενα αποφασεις", "του συμβουλίου"], "20367_20070521_09_0003_miuEdit.txt": ["διατάξεις νόμου", "αντισυνταγματική νομολογία", "νομικών προσώπων", "νόμιμα διεξήχθη", "αίτησης νόμιμα", "νομικό θέμα", "συνταγματικών διατάξεων", "νομολογία σύμφωνα", "αντισυνταγματικότητα των", "νόμιμη προδικασία", "συνταγματικότητας διατάξεως", "διατάξεως νόμου", "ποινική ρήτρα", "απόφασης νομολογίας", "δημοσίου δικαίου", "ζητήματος δικαιοδοσίας", "δικαίου άρθρο", "παράγραφος δικαστήρια", "άρθρο 57", "απορριφθεί αγωγή"], "20368_20070913_09_0004_miuEdit.txt": ["απόφασιν δικαστήριον", "δικαστική απόφασις", "εξεδόθη δικαστική", "συνταγματικότητα διάταξης", "δικαστήριον υποχρεούται", "διάδικος δικαιούται", "εξουσιοδοτικό νόμο", "του δικαστηρίου", "της συνταγματικότητας", "ανωτάτου δικαστηρίου", "για δικονομικούς", "δικονομικούς", "δικαστήρια αλλά", "αντισυνταγματικότητα", "αίτηση νομιμοποιούμενου", "δικονομικούς λόγους", "σύνταγμα αρμόδια", "επιγράφεται προσφυγή", "νομιμοποιείται ασκήσας", "εκδόθηκε απόφαση"], "20369_20071031_09_0005_miuEdit.txt": ["δικαστηρίου οι", "δικαιοδοσία να", "του κυρωθέντος", "δικαιοδοσίαν δικαστήριον", "παραστάθηκε αιτών", "της εκάστοτε", "εκδόθηκε προμνημονευθείσα", "δικαιοδοσίας να", "να καταγγείλουν", "610 δραχμών", "πληρεξουσίας του", "δήμου στο", "του ενώπιον", "του αντισυμβαλλομένου", "να δικάσει", "ισχυρίζονται οι", "κυρώθηκε ομώνυμος", "αποφάσεως απορρίφθηκε", "αποφάσεως οι", "αθηνών έφεση"], "20370_20080919_09_0001_miuEdit.txt": ["διατάξεις 2004", "ανωτέρω διατάξεων", "αναφερθείσες διατάξεις", "προπαρατεθεισών διατάξεων", "απαλλοτρίωση απόφαση", "αποφάσεως εκδόθηκε", "νομιμοποιείται ασκήσας", "αίτηση διατελέσαντος", "διατάγματος", "επιτροπής απαλλοτριώσεων", "ένδικη αμφισβήτηση", "αντισυνταγματικότητα την", "αμφισβήτηση νομιμοποιούνται", "δικαίου διατάξεις", "αμφισβητήσεως δημοσιεύεται", "διατάξεις ελληνικό", "νομαρχιακού συμβουλίου", "άρθρο 206", "2007 παρέμβασή", "1952 απαλλοτρίωσής"], "20371_20090126_09_0001_miuEdit.txt": ["αρμόδια δικαστήρια", "διοικητικά δικαστήρια", "ειδικού δικαστηρίου", "του δικαστηρίου", "διοικητικών δικαστηρίων", "δικαστήρια διοικητικά", "ειδικό δικαστήριο", "της δικαστικής", "τα δικαστήρια", "περιπτώσεις δικαιοδοσία", "δικαστηρίου υπάγεται", "δικαστήριο αίρει", "δικαστηρίου κατά", "νομικού συμβουλίου", "δικαστήρια ερμήνευσαν", "κατέστησαν δικαστικώς", "δικαστηρίου 2003", "συντάγματος εκδίκαση", "αξιώσεις εκτείνονται", "αποφάσεων νομίμως"], "20372_20090929_09_0002_miuEdit.txt": ["αποφάσεις 3116", "αποφάσεις 607", "αποφάσεις 1313", "αποφάσεις 627", "αποφάσεις 1727", "απόφασιν δικαστήριον", "συμβουλίου επικρατείας", "δικαστήρια αποφάσεων", "2007 αποφάσεων", "διάταξη ουσιαστικού", "νομικού συμβουλίου", "06 απόφαση", "εκδιδόμενη απόφαση", "2005 αποφάσεως", "αντισυνταγματικότητα αποφάσεως", "1752 2006", "συμβουλίου 324", "1957 δικαστική", "1976 αμφισβήτηση", "2006 έφεση"], "20373_20100208_09_0001_miuEdit.txt": ["ελληνικής κυβερνήσεως", "ελληνική νομοθεσία", "κυπριακού δικαίου", "ελληνοκυπριακού πρωτοκόλλου", "σύγκρουσης δικαιοδοσίας", "ελληνικού δημοσίου", "ελληνικό δημόσιο", "σύγκρουση δικαιοδοσίας", "κυπριακής κυβερνήσεως", "εκμετάλλευση ελληνοκυπριακού", "κυπριακού δημοσίου", "αιτηση ελληνικού", "αθηνών κρίση", "του ελληνοκυπριακού", "δικαστήρια διοικητικών", "διοικητικών διαφορών", "δικαστήρια αποφάσεων", "κυριότητας οργανισμός", "διαφωνίας μεταξύ", "αθηνών απέρριψε"], "20374_20101022_09_0002_miuEdit.txt": ["παραγράφου δικαστήριο", "αντιπροέδρων χρίστο", "του αντιπροέδρων", "αντιπροέδρων ιωάννη", "διοικητικό δικαστήριο", "του δικαστηρίου", "τους δικαστές", "παναγιωτόπουλο πρόεδρο", "πολιτικό δικαστήριο", "αντιπροέδρου χρίστο", "συνταγματικότητας του", "καραβοκύρη αντιπρόεδρο", "συνταγματικής αρχής", "τον αντιπρόσωπο", "μειοψήφησαν πρόεδρος", "νόμιμων αντιπροσώπων", "σύνταγμα άρθρ", "στη δικαιοδοσία", "των γενικών", "άρθρο 904"], "20375_20110531_09_0001_miuEdit.txt": ["συνταγματικές του", "δικαστηρίου οι", "αντιπρόεδρο του", "αντιπροέδρου δημήτριο", "του δικαστηρίου", "καραβοκύρη αντιπρόεδρο", "πρόεδρο παναγιώτη", "στη δικαιοδοσία", "αυτού αντιπροέδρου", "του ελεγκτικού", "τους δικαστές", "παρόντος δικαστηρίου", "ειδικού δικαστηρίου", "του συντάγματος", "δικαιοδοσία του", "συνταγματικότητα του", "στη συνταγματικώς", "υπουργού δικαιοσύνης", "άρθρο 559", "παπαντωνοπούλου εισηγήτρια"], "20376_20110531_09_0002_miuEdit.txt": ["αντιπρόεδρου αικατερίνη", "πρόεδρο κωνσταντίνο", "αντιπρόεδρο του", "ροντογιάννη αντιπρόεδρο", "μενουδάκο αντιπρόεδρο", "καραβοκύρη αντιπρόεδρο", "αντιπροέδρων ιωάννη", "αυτού αντιπροέδρων", "αυτού αντιπρόεδρου", "πρόεδρου δημήτριο", "αντιπρόεδρου", "πρόεδρο παναγιώτη", "αντιπροέδρου αναστάσιο", "αντιπροέδρων", "πρόεδρο του", "αυτού αντιπροέδρου", "διοικητικού δικαστηρίου", "του συντάγματος", "δικαστηρίου παπαντωνοπούλου", "ανωτέρω έγγραφη"], "20377_20120203_09_0001_miuEdit.txt": ["συνταγματική αναθεώρηση", "απόφασης 1584", "συνταγματικές διατάξεις", "1999 συνταγματικότητα", "ανωτέρω συνταγματικές", "κωδικοποιητικού διατάγματος", "προηγούμενο συνταγματικό", "σύνταγμα επιβάλλει", "συνταγματική διάταξη", "συντάγματος διοικητικές", "σύνταγμα άρθρο", "ισχύουσες διατάξεις", "εκουσίας δικαιοδοσίας", "αίτηση διατάξεις", "πολεοδομικές διατάξεις", "σύνταγμα κατά", "2005 πράξης", "1999 απόφαση", "άρθρου 56", "1976 κώδικα"], "20378_20120503_09_0002_miuEdit.txt": ["ζητήματα συνταγματικότητας", "συνταγματική διάταξη", "της συνταγματικότητας", "1976 κρίνει", "παράγραφος δικαστήρια", "στην συνταγματική", "διοικητικού δικαστηρίου", "συντάγματος δικαιοδοσία", "σύνταγμα αρμόδιος", "νομικού συμβουλίου", "απόφαση 853", "δικαστήρια έκριναν", "εκουσίας δικαιοδοσίας", "δικαστηρίων 3138", "δικαιώματος δικαστικής", "1999 απόφαση", "στις διατάξεις", "διατάξεις αντικατεστάθησαν", "υπόθεση μειοψήφισαν", "άρθρο 2732"], "20379_20120508_09_0003_miuEdit.txt": ["διοικητικού δικαστηρίου", "διοικητικό δικαστήριο", "του δικαστηρίου", "ειδικού δικαστηρίου", "1996 έφεση", "δικαιοδοσίαν δικαστήριον", "1976 απόφαση", "άνω συνταγματική", "δικαστική απόφαση", "απόφαση 1623", "κατ έφεση", "1994 αποφάσεις", "7176 2011", "δικαιοδοσίας αριθμ", "διατάξεις αμφισβήτηση", "πρωτοβάθμια απόφαση", "μαριόλη νομικό", "αποφάσεις 954", "δικαιοδοσίας 2001", "άρθρο 87"], "20380_20121003_09_0004_miuEdit.txt": ["σύγκρουση δικαιοδοσίας", "δικαστήρια έκριναν", "δικαστήρια αφ", "δικαστικές αποφάσεις", "δικαστηριο κατά", "συμβάσεις κατά", "διοικητικά δικαστήρια", "ζητήματος δικαιοδοσίας", "δικαστήρια δεν", "κώδικα δικαστήρια", "υπόθεση νομίμως", "δικαστηρίου περιορίζεται", "επίμαχη σύμβαση", "αποφάσεις 7946", "σύμβαση εκτελέσεως", "λόγω διαφωνιών", "κοινό δίκαιο", "συντάγματος εκδίκαση", "αθηνών απορρίφθηκε", "2005 προσφυγή"], "20381_20121212_09_0005_miuEdit.txt": ["δικαστηρίων αφετέρου", "δικαστήριο αποφασεις", "δικαστήρια πρωτοβάθμια", "δευτεροβάθμια δικαστήρια", "σύγκρουσης δικαιοδοσίας", "δικαστήρια υπάγονται", "δικαστήρια έκριναν", "παρ δικαστήρια", "δικαστηρίων εξαφανιζομένης", "λοιπών δικαστηρίων", "διοικητικά δικαστήρια", "δικαστηρίων των", "συγκρούσεως δικαιοδοσίας", "τα δικαστήρια", "δύο δικαστήρια", "δικαστηρίων εξάλλου", "πολιτικά δικαστήρια", "δικαστηρίου περιορίζεται", "δικηγόρο αθηνών", "ελληνικής επικράτειας"], "20382_20130301_09_0001_miuEdit.txt": ["κωδικοποιητικού διατάγματος", "αποφάσεις 2812", "συνταγματικές διατάξεις", "συνταγματική διάταξη", "συντάγματος 13", "συντάγματος νομοθετικής", "αντισυνταγματική ανάλογα", "κανονιστικές διατάξεις", "συνταγματικό έρεισμα", "περιστάσεις συνταγματική", "αντίστοιχου συνταγματικού", "άρθρο 26", "διάταξη νόμου", "συντάγματος 16", "ουσιαστικού δικονομικού", "άρθρο 315", "νόμιμη προδικασία", "δικαστική απόφαση", "1976 κώδικα", "δικαιώματος οριοθετείται"], "20383_20130912_09_0002_miuEdit.txt": ["συνταγματικών διατάξεων", "συνταγματικές διατάξεις", "συντάγματος παρ", "συνταγματική διάταξη", "άρθρων 130", "συγκεκριμένες συνταγματικές", "άρθρα 74", "συντάγματος αμφισβήτηση", "συντάγματος κρίθηκε", "άρθρο 135", "συνταγματική αναθεώρηση", "διατάξεις 194", "άρθρο 100", "συντάγματος 11", "προαναφερθέντος διατάγματος", "άρθρο 94", "διατάγματος 1975", "συνταγματικό δικαστήριο", "νομοθεσίας άρθρα", "άρθρου 20"], "20384_20140214_09_0001_miuEdit.txt": ["αθηνών δίκες", "αθηνών έφεση", "ελληνικού δημοσίου", "δικαστήρια αθηνών", "ελληνικό δημόσιο", "αιτηση ελληνικού", "ελληνες", "στο ελληνικό", "του ελληνικού", "αθηνών επιβλήθηκε", "κόμματος ελληνες", "αθηνών αποφασεις", "αθηνών άρθρο", "αθηνών απορρίφθηκε", "αθηνών κηρύχθηκε", "οποίας δικαιοδοσία", "καταδικαστικής απόφασης", "1995 απόφασης", "συνεδρίου 774", "μιχαλοπούλου 17708"], "20385_20150415_09_0001_miuEdit.txt": ["αποφάσεις 389", "απόφαση 79184", "δικονομίας 2717", "αποφάσεων 389", "αποφάσεις 128", "δικαστικές αποφάσεις", "justitiekanslern απόφαση", "δικαστηρίου αναφέρονται", "ανωτέρω δίκες", "ανωτέρω δικαστικές", "απόφαση 13ης", "διοικητικού δικαστηρίου", "2007 απόφασή", "ανωτέρω κώδικος", "αποφάσεις 1620", "κανονισμού 2078", "3796 2003", "νομικού συμβουλίου", "έφεση ακολούθως", "2010 επιτροπή"], "20386_20160729_09_0001_miuEdit.txt": ["απόφασιν δικαστήριον", "αποφάσεις 776", "δικαστικές αποφάσεις", "εκδοθείσες δικαστικές", "αμφισβήτηση διάδικος", "απόφαση 1466", "εκδόθηκε απόφαση", "αθηνών απόφαση", "δικαστήρια έκριναν", "γενικαί ιαδικαστικαί", "πολιτικά δικαστήρια", "αποφάσεις 1993", "δίκες ορίζεται", "σύγκρουση δικαιοδοσίας", "υποθέσεις εκουσίας", "των συγκρούσεων", "2006 αγωγή", "συνταγματική αναθεώρηση", "απόφαση παραβίασε", "ελεγκτικού συνεδρίου"], "20387_20170720_09_0001_miuEdit.txt": ["δικαστηρίου ελληνικού", "εκδοθείσες δικαστικές", "δικαστικές αποφάσεις", "διαιτητικό δικαστήριο", "δικαστές αικατερίνη", "προδικαστική απόφαση", "δικαστήρια έκρινε", "διαιτητικού δικαστηρίου", "δικαστηρίου διαδικασίαν", "δικαστηρίου διαδικασία", "αναφερθέντα δικαστήρια", "αθηνών έφεση", "δικαστική απόφαση", "δικαστηρίων των", "δικαστήρια κατηγοριών", "ακυρωτική δικαστική", "1976 δικαστική", "αποφάσεων 1601", "αποφάσεις 704", "2002 προδικαστική"], "20388_20180920_09_0001_miuEdit.txt": ["ανωτέρω δικαστικές", "δικαστικές αποφάσεις", "δικαστηρίου όρος", "δικαστηρίων σχετικές", "δικαστήρια αφετέρου", "δικαστήρια ανεκκλήτως", "δικαστήρια κατηγοριών", "δευτεροβάθμια δικαστήρια", "δικαστηρίου επίμαχη", "δικαστηρίου κρίθηκε", "δικαστηρίου κοινοποιήσεις", "άρθρου δικαιοδοσία", "δικαστηρίου διοικητικού", "σύγκρουση δικαιοδοσίας", "αθηνών αγωγή", "συνταγματική αναθεώρηση", "έφεση ακολούθως", "άρθρα 914", "διαφωνία ήρθη", "απόφαση 79184"], "20389_20190619_09_0001_miuEdit.txt": ["αποφάσεις 3914", "αποφάσεις 1471", "ελληνικών δικαστηρίων", "αποφάσεις 1548", "δικονομίας 2717", "συγκρούσεων δικαιοδοσίας", "ένδικος σύμβαση", "δίκες διατέλεσε", "απόφαση εκδοθείσα", "δικαστηρίων άρθρα", "1997 νομολογία", "δικονομίας 503", "αποφάσεων 881", "δικαιοδοσία και", "προαναφερόμενες διατάξεις", "των επιτροπών", "αθηνών αποφασεις", "άρθρου 583", "1173 2004", "διατάξεων 2015"], "20390_20190712_09_0002_miuEdit.txt": ["συνταγματικές διατάξεις", "διατάξεις παρ", "απαλλοτριώσεων διατάξεις", "διατάξεις εξουσιοδοτήσεις", "συνταγματική διάταξη", "συντάγματος αρχή", "του συντάγματος", "κυριότητα νομή", "συντάγματος κρίθηκε", "συντάγματος μέριμνας", "αποφάσεις 1470", "σύνταγμα των", "ισχύουσες διατάξεις", "άρθρου 966", "εγκρίθηκε κανονισμός", "εγκρίθηκε τροποποίηση", "απόφασης υπ", "συμβουλίου επικρατείας", "κατάθεσης 195676", "1996 απόφασή"], "20391_20200909_09_0001_miuEdit.txt": ["διατάξεις διαιτησία", "διαδικαστικαί διατάξεις", "οι διατάξεις", "δικαιοδοτική πράξη", "λόγω διατάξεις", "δικαιοδοτικών τάξεων", "χαρακτηρισμό κανόνων", "αντιφατικές διατάξεις", "διαιτησία νόμος", "δικαστικές αποφάσεις", "νομοθεσία όπως", "τυπικού νόμου", "συντάγματος δικαστηρίων", "19860 νομικού", "ασκηθεί νομότυπα", "κανονισμός 210", "αποφάσεις 2014", "συντάγματος έλεγχος", "άρθρο 57", "σύμβαση τροποποιήθηκε"], "20392_20200909_09_0002_miuEdit.txt": ["διατάξεις διαιτησία", "αποφάσεις 2014", "οι διατάξεις", "άρθρο 871", "τις διατάξεις", "λόγω διατάξεις", "άρθρα 55", "δικαστήριο άρθρο", "απόφασης δ1α", "αποφάσεων διαιτητικού", "τροποποιητικής σύμβασης", "δικαιοδοτικών τάξεων", "αποφάσεις κατέστησαν", "δικαστικές αποφάσεις", "1985 έκρινε", "συντάγματος έλεγχος", "αποφάσεις 354", "οποία τροποποιήθηκε", "17368", "υπουργικής απόφασης"]}