{"34203_20071115_13_0001_miuEdit.txt": ["εκθεση εκλογικων", "εκλογικού περιπτέρου", "πολιτικής προεκλογικής", "εκθεσεις εκλογικων", "εκλογικων εσοδων", "εκλογικού", "τις εκλογές", "οι εκλογικές", "εκλογικων", "πολιτικων κομματων", "εκλογικές δαπάνες", "εκλογές 16", "κατασκευή εκλογικού", "εκλογές της", "εκλογικές", "εκλογές", "προεκλογικής", "των πολιτικων", "πολιτικού κόμματος", "κόμμα οικονομικός"], "34204_20071115_13_0002_miuEdit.txt": ["εκθεση εκλογικων", "εκθεσεις εκλογικων", "εκλογικα εσοδα", "εκλογικων εσοδων", "λόγω εκλογές", "2002 εκλογικα", "στις εκλογικές", "τις εκλογικές", "τις εκλογές", "εκλογικής χρηματοδότησης", "τα προεκλογικά", "εκλογές παρατίθενται", "προεκλογικού", "εκλογικων", "εκλογές της", "εκλογικα εξοδα", "βουλευτικές εκλογές", "πολιτικων κομματων", "2007 δημοκρατικη", "ευρώ εκλογικα"], "34205_20080130_13_0001_miuEdit.txt": ["έκθεση εκλογικών", "εκθεσεις εκλογικων", "εκλογικων εσοδων", "εκλογικών δαπανών", "εκλογικων", "εκλογικό", "εκλογικών", "κουκας εκλογικό", "βουλευτικές εκλογές", "τον προεκλογικό", "εκλογές", "εκλογές της", "προεκλογικό", "ψηφοδελτίων σε", "ψηφοδελτίων", "μεταφορά ψηφοδελτίων", "εκτύπωση ψηφοδελτίων", "ψηφοδελτίων 8303", "εκλογικό κέντρο", "πολιτικων κομματων"], "34206_20080229_13_0002_miuEdit.txt": ["έκθεση εκλογικών", "εκθεσεις εκλογικων", "εκλογικων εσοδων", "εκλογικων", "τις εκλογές", "εκλογικών εσόδων", "εκλογικών", "εκλογές", "εκλογές της", "πολιτικων κομματων", "των πολιτικων", "πολιτικού κόμματος", "πολιτικων", "πολιτικού", "του πολιτικού", "συνασπισμων πολιτικων", "κόμματος πανελληνιο", "κόμματος", "πανελληνιο σοσιαλιστικο", "3023 2002"], "34207_20090715_13_0001_miuEdit.txt": ["τις ευρωεκλογές", "ευρωεκλογές", "εκλογικών εσόδων", "ψηφοδελτίων τιμολόγιο", "εκλογικα εσοδα", "εκλογικων εσοδων", "εκθεσεις εκλογικων", "00 εκλογικα", "έκθεση εκλογικών", "εκλογικα εξοδα", "εκλογικων", "εκλογικα", "εκλογικών", "των ψηφοδελτίων", "2009 εκλογικα", "εκτύπωση ψηφοδελτίων", "ψηφοδελτίων", "ψηφοδελτίων σύμφωνα", "ευρωεκλογές της", "δαπανών"], "34208_20090730_13_0002_miuEdit.txt": ["στις ευρωεκλογές", "τις ευρωεκλογές", "ευρωεκλογές", "χρηματοδοτηση ευρωεκλογων", "ψηφοδελτίων ευρω", "του εκλογικου", "έκθεση εκλογικών", "του εκλογικού", "προεκλογικό έντυπο", "οικονομική εκλογική", "εκθεσεις εκλογικων", "εκλογικα εσοδα", "της εκλογικής", "εκλογικού περιπτέρου", "λοιπά εκλογικά", "εκλογικων δαπανων", "εκλογικων εσοδων", "εκλογικη χρηματοδοτηση", "εκτύπωση προεκλογικών", "πολιτικων κομματων"], "34209_20090807_13_0003_miuEdit.txt": ["ισολογισμος ευρωεκλογων", "στις ευρωεκλογές", "tvcs ευρωεκλογών", "τις ευρωεκλογές", "σε ευρωεκλογές", "ευρωεκλογών κόπιες", "έκθεσης εκλογικών", "ευρωεκλογών 934", "ευρωεκλογές 2009", "ευρωεκλογές", "ευρωψηφοδελτίων", "ευρωεκλογές 934", "έκθεση εκλογικών", "ευρωεκλογών", "παράβολο ευρωεκλογών", "παραβολο ευρωεκλογων", "εκλογικων εσοδων", "ευρωψηφοδελτίων 2176", "εκλογικη χρηματοδοτηση", "προεκλογικά έξοδα"], "34210_20090923_13_0004_miuEdit.txt": ["τις ευρωεκλογές", "ευρωεκλογές", "εκλογικών εσόδων", "έκθεση εκλογικών", "εκθεσεις εκλογικων", "εκλογικων εσοδων", "εκλογικων", "εκτύπωση προεκλογικών", "εκλογικών", "προεκλογικών φέιγ", "ευρώ έκαστος", "προεκλογικών", "ευρωεκλογές της", "ψηφοδελτίων φύκας", "πολιτικων κομματων", "ψηφοδελτίων", "εκτύπωση ψηφοδελτίων", "μεταφορά ψηφοδελτίων", "των πολιτικων", "δαπανων των"], "34211_20091204_13_0005_miuEdit.txt": ["έκθεση εκλογικών", "πολιτικων κομματων", "εκθεσεις εκλογικων", "το εκλογικό", "εκλογών δαπανήθηκαν", "αυτές εκλογικά", "εκλογών του", "των κομμάτων", "λα εκλογικά", "εκλογικές δαπάνες", "πολιτικού κόμματος", "δαπανών εκλογών", "εκλογικων εσοδων", "της πολιτικής", "πολιτικό τμήμα", "κομμάτων νεα", "προεκλογικού", "εκλογών 4ης", "εκτύπωση προεκλογικού", "εκλογικής χρηματοδότησης"], "34212_20091204_13_0006_miuEdit.txt": ["ότι εκλογική", "του στις", "για να", "εκλογικά έξοδα", "στις εκλογικές", "εκλογικών δαπανών", "προσωπικό εκλογικό", "λενινιστικό για", "έκθεση εκλογικών", "εκλογικών εσόδων", "εξ", "εκλογικού υλικού", "κόμματος ελλάδας", "00 προεκλογικό", "προεκλογικό έντυπο", "κινημα ελλαδος", "πολιτικων κομματων", "να πληρώσω", "δαπάνες που", "ευρώ συνολο"], "34213_20091229_13_0007_miuEdit.txt": ["έκθεσης εκλογικών", "έκθεση εκλογικών", "εκλογικών εσόδων", "εκλογικά έσοδα", "εκθεσεις εκλογικων", "εκτύπωση προεκλογικών", "εκλογικων εσοδων", "τα εκλογικά", "εκλογικες δαπανες", "στην εκλογική", "εκλογικων", "προεκλογικών φέιγ", "εκλογικής χρηματοδότησης", "τις εκλογές", "εκλογικες", "εκλογικής", "τακτικής εκλογικής", "εκλογές 10", "λόγω εκλογές", "βουλευτικές εκλογές"], "34214_20120711_13_0001_miuEdit.txt": ["έκθεση εκλογικών", "εκλογικα εσοδα", "εκλογικων εσοδων", "εκθεσεις εκλογικων", "εκλογικών εσόδων", "εκλογικων", "εκλογικα", "εκλογικες δαπανες", "εκλογικες", "τις εκλογές", "εκλογικών", "2012 εκλογικα", "εκλογές", "εκλογές της", "πολιτικων κομματων", "πολιτικού κόμματος", "των πολιτικων", "πολιτικων", "πολιτικού", "συνασπισμων πολιτικων"], "34215_20120712_13_0002_miuEdit.txt": ["εκλογικη χρηματοδοτηση", "βουλευτικές εκλογές", "εκθεσεις εκλογικων", "εκλογικα εσοδα", "εκλογικων εσοδων", "πολιτικων κομματων", "εκλογικη", "εκλογικων", "τις εκλογές", "εκλογικα", "2012 εκλογικα", "των κομμάτων", "πολιτικού κόμματος", "των πολιτικων", "εκλογές της", "κομμάτων", "συνασπισμων πολιτικων", "κομμάτων δραση", "τις βουλευτικές", "έκθεση εσόδων"], "34216_20120723_13_0003_miuEdit.txt": ["εκλογικες δαπανες", "δαπανες εκλογικες", "εκλογικών εσόδων", "εκλογικων εσοδων", "έξοδα πολιτικού", "έκθεση εκλογικών", "εκθεσεις εκλογικων", "εκλογικό λοιπές", "βουλευτικές εκλογές", "εκλογικό μπότσιου", "εκλογικου", "εκλογικων", "ως εκλογικων", "εκλογικό", "εκλογικων κεντρων", "εκλογικες", "εκλογικών", "εκλογικό ραυτοπούλου", "εξοπλισμος εκλογικων", "ψηφοδελτίων 014"], "34217_20120727_13_0004_miuEdit.txt": ["του προεκλογικού", "εξής εκλογικά", "δαπανων εκλογών", "λοιπού εκλογικού", "του εκλογικού", "στις εκλογικές", "των προεκλογικών", "εκλογικα εσοδα", "εκλογικού υλικού", "εκλογικές δαπάνες", "εκλογικού συνδυασμού", "εκθεσεις εκλογικων", "προεκλογικού", "εκλογικών δαπανών", "εκλογικων εσοδων", "εκλογικά έσοδα", "των εκλογικών", "εξοδα εκλογές", "πολιτικων κομματων", "2012 εκλογικα"], "34218_20120730_13_0005_miuEdit.txt": ["έκθεση εκλογικών", "εκλογικών εσόδων", "εκλογικα εσοδα", "εκλογικες δαπανες", "εκλογικων εσοδων", "εκθεσεις εκλογικων", "εκλογικη χρηματοδοτηση", "2012 εκλογικα", "εκλογικη", "εκλογικων", "εκλογικα", "ως εκλογικων", "τις εκλογές", "εκλογικες", "εκλογικών", "εκλογικων κεντρων", "εκλογές", "εξοπλισμος εκλογικων", "εκλογές της", "για εκλογες"], "34219_20120806_13_0006_miuEdit.txt": ["έκθεση εκλογικών", "εκλογικων εσοδων", "εκθεση εκλογικων", "εκθεσεις εκλογικων", "εκλογικό υλικό", "εκλογικού", "εκλογικού υλικού", "εκλογικών εσόδων", "τις εκλογές", "εκλογικων", "εκλογικό", "εκλογικών", "εκλογών", "εκλογικό έσοδο", "εκλογές της", "προσωπικό εκλογικό", "βουλευτικες εκλογες", "ψηφοδελτίων 11", "εκλογών 129", "020 εκλογικό"], "34220_20120820_13_0007_miuEdit.txt": ["έκθεση εκλογικών", "εκλογικων εσοδων", "εκλογικών εσόδων", "εκλογικα εσοδα", "του εκλογικου", "εκλογικες δαπανες", "εκθεσεις εκλογικων", "2012 εκλογικα", "της εκλογικής", "εκλογικη χρηματοδοτηση", "εκλογικου", "τις εκλογές", "εκλογικη", "εκλογικων", "εκλογικής χρηματοδότησης", "ως εκλογικων", "εκλογικα", "εκλογικής", "εκλογικες", "εκλογικων κεντρων"], "34221_20120820_13_0008_miuEdit.txt": ["εκθεσεις εκλογικων", "εκλογικων εσοδων", "πολιτικων κομματων", "εκλογικων", "τις εκλογές", "εκλογές", "εκλογές της", "των πολιτικων", "πολιτικού κόμματος", "πολιτικων", "του πολιτικού", "συνασπισμων πολιτικων", "πολιτικού", "κόμματος κομμα", "κόμματος δημοσθένη", "της δημοκρατικης", "κόμματος συνδεσμος", "κόμματος οργανωση", "2012 ειδική", "έκθεση εσόδων"], "34222_20120822_13_0009_miuEdit.txt": ["έκθεση εκλογικών", "εκθεσεις εκλογικων", "εκλογικων εσοδων", "εκλογικών εσόδων", "τις εκλογές", "εκλογικων", "εκλογικών", "εκλογές", "εκλογές της", "πολιτικων κομματων", "των πολιτικων", "2012 και", "πολιτικων", "ιουνίου 2012", "2012", "συνασπισμων πολιτικων", "μαΐου 2012", "ειδική έκθεση", "και δαπανών", "εσόδων"], "34223_20120823_13_0010_miuEdit.txt": ["έκθεση εκλογικών", "εκλογικών εσόδων", "εκλογικων εσοδων", "εκλογικα εσοδα", "εκθεσεις εκλογικων", "2012 εκλογικα", "εκλογικων", "τις εκλογές", "εκλογικα", "εκλογικών", "εκλογές", "εκλογές της", "πολιτικων κομματων", "των πολιτικων", "πολιτικων", "συνασπισμων πολιτικων", "κόμματος", "κομμουνιστικού κόμματος", "δαπανών άρθρο", "3023 2002"], "34224_20120824_13_0011_miuEdit.txt": ["έκθεση εκλογικών", "εκλογικων εσοδων", "2012 εκλογικα", "εκλογικα εσοδα", "του εκλογικου", "εκθεσεις εκλογικων", "εκλογικών εσόδων", "εκλογικες δαπανες", "εκλογικη χρηματοδοτηση", "εκλογικου", "εκλογικη", "εκλογικων", "τις εκλογές", "εκλογικα", "ως εκλογικων", "01 εκλογικες", "εκλογικες", "εκλογικών", "εκλογικων κεντρων", "ψηφοδελτια τιμ"], "34225_20120824_13_0012_miuEdit.txt": ["έκθεση εκλογικών", "εκλογικών εσόδων", "εκλογικων εσοδων", "εκθεσεις εκλογικων", "εκλογικων", "εκλογικών", "πολιτικων κομματων", "πολιτικού κόμματος", "των πολιτικων", "του πολιτικού", "πολιτικων", "πολιτικού", "κόμματος πανελληνιο", "κόμματος", "συνασπισμων πολιτικων", "3023 2002", "2002 όπως", "πανελληνιο σοσιαλιστικο", "δαπανών άρθρο", "ειδική έκθεση"], "34226_20120824_13_0013_miuEdit.txt": ["έκθεση εκλογικών", "εκλογικών εσόδων", "εκλογικων εσοδων", "εκθεσεις εκλογικων", "εκλογικων", "εκλογικών", "τις εκλογές", "του πολιτικού", "των πολιτικων", "πολιτικων κομματων", "εκλογές της", "εκλογές", "πολιτικων", "πολιτικού κόμματος", "πολιτικού", "υπουργική απόφαση", "δαπανών σύμφωνα", "3023 2002", "και οικονομικών", "έκθεση"], "34227_20120824_13_0014_miuEdit.txt": ["εκλογικων εσοδων", "εκθεσεις εκλογικων", "ση εκλογικών", "εκλογικών εσόδων", "τις εκλογές", "εκλογικων", "εκλογικών", "εκλογές", "εκλογές της", "πολιτικων κομματων", "πολιτικού κόμματος", "των πολιτικων", "πολιτικων", "πολιτικού", "του πολιτικού", "συνασπισμων πολιτικων", "κόμματος λαϊκου", "κόμματος", "ιουνίου 2012", "δαπανών άρθρο"], "34228_20120827_13_0015_miuEdit.txt": ["έκθεση εκλογικών", "εκθεσεις εκλογικων", "εκλογικων εσοδων", "εκλογικων", "τις εκλογές", "εκλογικών", "εκλογικών εσόδων", "εκλογές", "εκλογές της", "πολιτικων κομματων", "των πολιτικων", "πολιτικων", "του κόμματος", "κόμματος", "συνασπισμων πολιτικων", "κόμματος κινημα", "ιουνίου 2012", "3023 2002", "δαπανων των", "έκθεση"], "34229_20120828_13_0016_miuEdit.txt": ["έκθεση εκλογικών", "συνασπισμων πολιτικων", "εκθεσεις εκλογικων", "εκλογικων εσοδων", "πολιτικων κομματων", "εκλογικών εσόδων", "του συνασπισμού", "εκλογικων", "των πολιτικων", "κομμάτων", "τις εκλογές", "εκλογικών", "συνεργαζόμενων κομμάτων", "του πολιτικού", "πολιτικού κόμματος", "εκλογές της", "κομμάτων δημιουργία", "δαπανών άρθρο", "2002 όπως", "άρθρο 18"], "34230_20121015_13_0017_miuEdit.txt": ["έκθεση εκλογικών", "εκθεσεις εκλογικων", "εκλογικων εσοδων", "εκλογικών εσόδων", "τις εκλογές", "εκλογικων", "εκλογικών", "εκλογές", "εκλογές της", "πολιτικων κομματων", "των πολιτικων", "πολιτικων", "ιουνίου 2012", "2012 και", "συνασπισμων πολιτικων", "2012", "μαΐου 2012", "και δαπανών", "έκθεση", "εσόδων"], "34231_20121115_13_0018_miuEdit.txt": ["έκθεση εκλογικών", "εκθεσεις εκλογικων", "εκλογικων εσοδων", "σπς εκλογές", "των εκλογών", "εκλογικές δαπάνες", "εκλογών 17", "εκλογικές αναμετρήσεις", "στις εκλογές", "εκλογικά έσοδα", "εκλογικων", "τις εκλογές", "εκλογικών εσόδων", "αυτές εκλογικά", "εκλογικής", "εκλογικά", "εκλογών 11", "εκλογικής χρηματοδότησης", "εκλογές της", "πολιτικων κομματων"], "34232_20140710_13_0001_miuEdit.txt": ["εκλογικών εσόδων", "εκλογικό έσοδο", "στις ευρωεκλογές", "έξοδα εκδηλώσεων", "εκλογικων εσοδων", "εκθεσεις εκλογικων", "ευρωεκλογές", "εκλογικό υλικό", "εκλογικού υλικού", "δαπανες οικονομική", "εκλογικά περίπτερα", "εκλογικού", "εκλογικων", "έκθεση εκλογικών", "δαπανών", "έξοδα", "μεταφορά εκλογικού", "εξόρμηση εκλογών", "ψηφοδελτίων 000", "εκλογών 40"], "34233_20140714_13_0002_miuEdit.txt": ["στις ευρωεκλογές", "εκλογικων δαπανων", "έκθεση εκλογικών", "ελλάδας εκλογικα", "εκλογικες δαπανες", "εκλογικα εσοδα", "εκλογικών εσόδων", "συνολο εκλογικων", "θεσεις εκλογικων", "εκλογικων εσοδων", "κατασταση εκλογικα", "των ευρωεκλογών", "εκλογικων", "τις ευρωεκλογές", "ψηφοδελτίων φορτωτική", "εκλογικα", "εκλογικες", "ευρωεκλογών", "ψηφοδελτίων 14x35", "πολιτικων κομματων"], "34234_20140717_13_0003_miuEdit.txt": ["τις ευρωεκλογές", "τις ευρωεκλογες", "ευρωεκλογών 25ης", "ευρωεκλογές", "ευρωεκλογών", "αγωνα ευρωεκλογων", "ευρωεκλογων 25ης", "ευρωεκλογων", "ευρωεκλογες", "αγώνα ευρωεκλογών", "εξόδων εκλογικού", "εκλογικων δαπανων", "εκλογικών δαπανών", "οικονομική εκλογική", "εκλογικων εσοδων", "ευρώ", "εκθεσεις εκλογικων", "έκθεση εκλογικών", "ευρωεκλογές της", "ευρώ 20"], "34235_20140722_13_0004_miuEdit.txt": ["τις ευρωεκλογές", "τις ευρωεκλογες", "ευρωεκλογές", "ευρωεκλογες", "εκλογικών εσόδων", "έκθεση εκλογικών", "εκθεση εκλογικων", "εκθεσεις εκλογικων", "εκλογικων εσοδων", "εκλογικων", "εκλογικών", "ευρωεκλογές της", "πολιτικων κομματων", "των πολιτικων", "πολιτικων", "του πολιτικού", "πολιτικού κόμματος", "πολιτικού", "δαπανων των", "δημοκρατικη"], "34236_20140724_13_0005_miuEdit.txt": ["του πολιτικου", "πολιτικου κομματος", "των πολιτικων", "πολιτικου", "εκθεση εκλογικων", "τις ευρωεκλογες", "ευρωεκλογες", "σύμφωνα με", "πολιτικων", "εκλογικων εσοδων", "πολιτικων κομματων", "εκθεσεις εκλογικων", "εκλογικων", "3023 2002", "κομματων ειδικη", "άρθρο 18", "οικονομικων του", "κομματος συνασπισμος", "2005 υπ", "δαπανων σύμφωνα"], "34237_20140724_13_0006_miuEdit.txt": ["τις ευρωεκλογές", "ευρωεκλογές", "εκλογικών εσόδων", "εκθεση εκλογικων", "εκθεσεις εκλογικων", "έκθεση εκλογικών", "εκλογικων εσοδων", "εκλογικων", "εκλογικών", "πολιτικου κομματος", "ευρωεκλογές της", "ευρωπαϊκου κοινοβουλιου", "πολιτικων κομματων", "των πολιτικων", "του πολιτικου", "τις εκλογες", "πολιτικων", "πολιτικού κόμματος", "του ευρωπαϊκου", "δαπανων των"], "34238_20140724_13_0007_miuEdit.txt": ["τις ευρωεκλογές", "τις ευρωεκλογες", "ευρωεκλογές", "ευρωεκλογες", "εκλογικών εσόδων", "εκθεση εκλογικων", "έκθεση εκλογικών", "εκθεσεις εκλογικων", "εκλογικων εσοδων", "εκλογικων", "εκλογικών", "ευρωεκλογές της", "πολιτικου κομματος", "πολιτικων κομματων", "των πολιτικων", "του πολιτικου", "πολιτικων", "πολιτικού κόμματος", "νεα δημοκρατια", "δαπανων των"], "34239_20140730_13_0008_miuEdit.txt": ["τις ευρωεκλογές", "τις ευρωεκλογες", "ευρωεκλογές", "ευρωεκλογες", "εκλογικών εσόδων", "έκθεση εκλογικών", "εκθεση εκλογικων", "εκθεσεις εκλογικων", "εκλογικων εσοδων", "εκλογικων", "εκλογικών", "ευρωεκλογές της", "πολιτικων κομματων", "πολιτικου κομματος", "των πολιτικων", "πολιτικού κόμματος", "πολιτικων", "του πολιτικου", "ελιά δημοκρατικη", "δαπανων των"], "34240_20140731_13_0010_miuEdit.txt": ["τις ευρωεκλογές", "τις ευρωεκλογες", "ευρωεκλογές", "ευρωεκλογες", "εκλογικών εσόδων", "εκθεση εκλογικων", "εκθεσεις εκλογικων", "εκλογικων εσοδων", "έκθεση εκλογικών", "εκλογικων", "ευρωεκλογές της", "εκλογικών", "πολιτικων κομματων", "των πολιτικων", "πολιτικων", "του πολιτικού", "πολιτικού κόμματος", "συνασπισμων πολιτικων", "δαπανων των", "2014 ειδική"], "34241_20140731_13_0011_miuEdit.txt": ["εκλογικες δαπανες", "εκλογικών εσόδων", "εκλογικής χρηματοδότησης", "έκθεση εκλογικών", "εκλογικα εσοδα", "εκλογικων εσοδων", "εκθεσεις εκλογικων", "της εκλογικής", "τις ευρωεκλογές", "εκλογικων κεντρων", "εκλογικων", "ευρωεκλογές", "ως εκλογικων", "στις εκλογές", "εκλογικα", "εκλογικής", "2014 εκλογικα", "εκλογικες", "τακτικής εκλογικής", "πολιτικων κομματων"], "34242_20140731_13_0009_miuEdit.txt": ["εκλογικές δαπάνες", "εκλογικών δαπανών", "σε ευρωεκλογές", "εκλογικες δαπανες", "εκλογικών εσόδων", "εκλογική χρηματοδότηση", "τις ευρωεκλογές", "εκλογικά έσοδα", "εκθεση εκλογικων", "τις ευρωεκλογες", "εκλογικής χρηματοδότησης", "κόμμα εκλογικα", "έκθεση εκλογικών", "εκλογικων εσοδων", "εκλογικα εσοδα", "εκλογική περίοδο", "ευρωεκλογές", "ποσό πολιτική", "ευρωεκλογές 550", "πολιτικων κομματων"], "34243_20140804_13_0012_miuEdit.txt": ["ευρωπαϊκο κοινοβουλιο", "ευρωπαϊκό κοινοβούλιο", "πολιτικων κομματων", "κοινοβούλιο του", "κοινοβουλιο του", "νταλιος προεκλογικα", "κοινοβουλιο των", "εξοδα εκλογών", "προεκλογικα εσοδα", "εκλογών της", "κοινοβούλιο των", "εκλογικων εσοδων", "κοινοβουλιο", "των πολιτικων", "εκθεσεις εκλογικων", "εκλογικων", "το ευρωπαϊκο", "εκλογών", "προεκλογικα", "συνασπισμων πολιτικων"], "34244_20140804_13_0013_miuEdit.txt": ["εκλογικες δαπανες", "εκλογικών εσόδων", "προεκλογική εισφορά", "έκθεση εκλογικών", "εκλογικα εσοδα", "εκλογικων εσοδων", "του εκλογικου", "τις ευρωεκλογές", "ευρωεκλογές 2014", "κατασταση εκλογικων", "υπαρχουν εκλογικες", "εκλογικου", "εκλογικων", "ως εκλογικων", "ευρωεκλογες 2014", "εκλογικα", "τις ευρωεκλογες", "00 εκλογικες", "εκλογικων κεντρων", "2014 εκλογικα"], "34245_20140806_13_0014_miuEdit.txt": ["των πολιτικων", "πολιτικων κομματων", "πολιτικων", "εκλογικων εσοδων", "εκθεσεις εκλογικων", "εκλογικων", "συνασπισμων πολιτικων", "εσοδων", "εσοδων και", "των", "δαπανων των", "εκθεσεις", "και δαπανων", "κομματων", "και συνασπισμων", "κομματων και", "δαπανων", "και", "ειδικες εκθεσεις", "συνασπισμων"], "34246_20140811_13_0015_miuEdit.txt": ["στις ευρωεκλογές", "έκθεση εκλογικών", "τις ευρωεκλογές", "τις ευρωεκλογες", "εκθεση εκλογικων", "έξοδα ευρωεκλογών", "εκλογικων εσοδων", "ευρωεκλογές", "εκλογικών εσόδων", "ευρωεκλογών", "εκλογικων", "την προεκλογική", "εκλογικών", "ψηφοδελτίων ανά", "ευρωεκλογες", "προεκλογική", "ψηφοδελτίων", "τις εκλογες", "πολιτικων κομματων", "ευρωεκλογές της"], "34247_20140908_13_0016_miuEdit.txt": ["του πολιτικου", "χορηγου παραστατικο", "εκδοση", "περιγραφη παραστατικο", "εσοδα παραστατικο", "τιτλος παραστατικο", "κομματων ειδικη", "διευκολυνσεις περιγραφη", "στοιχεια", "πολιτικου", "3023 2002", "του 3023", "άρθρο παρ", "συνολο 943", "παραστατικο ποσο", "του εκλογικου", "δαπανης εκδοση", "ευρω αριθμος", "503 31", "31 συνολο"], "34248_20140918_13_0017_miuEdit.txt": ["εσοδων", "των", "ελευθερη", "εσοδων και", "εκθεσεις", "κομματων", "κομματων ευρωπαϊκη", "και", "κομματων και", "ουρανιο", "τοξο", "των πολιτικων", "πολιτικων", "ειδικες εκθεσεις", "πολιτικων κομματων", "δαπανων των", "ευρωπαϊκη", "ουρανιο τοξο", "ευρωπαϊκη ελευθερη", "συμμαχια"], "34249_20141208_13_0018_miuEdit.txt": [], "34250_20150805_13_0001_miuEdit.txt": ["πολιτικου κομματος", "του πολιτικου", "πολιτικου", "κομματων ειδικη", "των πολιτικων", "πολιτικων", "πολιτικων κομματων", "των", "4023 2011", "της", "δημοκρατια για", "εσοδων", "δημοκρατια", "4304 2014", "για", "κομματος", "δαπανες γενικός", "κομματος συνασπισμου", "εκλογικων εσοδων", "2014 του"], "34251_20150904_13_0002_miuEdit.txt": ["έκθεση εκλογικών", "εκθεσεις εκλογικων", "εκλογικών εσόδων", "εκλογικων", "εκλογικων εσοδων", "εκλογικών", "το δημοψήφισμα", "δημοψήφισμα της", "δημοψήφισμα", "πολιτικων κομματων", "των πολιτικων", "πολιτικού κόμματος", "πολιτικων", "του πολιτικού", "πολιτικού", "κόμματος συνασπισμος", "κόμματος", "4023 2011", "2015 αθήνα", "δαπανών σύμφωνα"], "34252_20150904_13_0003_miuEdit.txt": ["έκθεση εκλογικών", "εκθεσεις εκλογικων", "εκλογικών εσόδων", "εκλογικων εσοδων", "εκλογικων", "εκλογικών", "πολιτικων κομματων", "των πολιτικων", "το πολιτικό", "πολιτικων", "πολιτικό κόμμα", "το δημοψήφισμα", "δημοψήφισμα της", "δημοψήφισμα", "πολιτικό", "του κόμματος", "συνασπισμων πολιτικων", "2015 αθήνα", "4023 2011", "δαπανών άρθρο"]}